run_id,timestamp_utc,antenna_family,patch_shape,feed_type,polarization,substrate_name,conductor_name,target_frequency_ghz,target_bandwidth_mhz,target_minimum_gain_dbi,target_maximum_vswr,target_minimum_return_loss_db,substrate_epsilon_r,substrate_height_mm,patch_length_mm,patch_width_mm,patch_height_mm,substrate_length_mm,substrate_width_mm,feed_length_mm,feed_width_mm,feed_offset_x_mm,feed_offset_y_mm,actual_center_frequency_ghz,actual_bandwidth_mhz,actual_return_loss_db,actual_vswr,actual_gain_dbi,actual_radiation_efficiency_pct,actual_total_efficiency_pct,actual_directivity_dbi,actual_peak_theta_deg,actual_peak_phi_deg,actual_front_to_back_db,actual_axial_ratio_db,accepted,solver_status,simulation_time_sec,notes,farfield_artifact_path,s11_artifact_path
399b1fdd-5a2f-4c8d-b732-8ebbdfc62e08-design_399b1fdd-5a2f-4c8d-b732-8ebbdfc62e08-iter0,2026-04-09T12:15:25.504629+00:00,microstrip_patch,rectangular,edge,linear,Rogers RT/duroid 5880,Copper (annealed),2.45,100.0,0.0,2.0,-10.0,2.2,2.4,39.740386962890625,49.52958679199219,0.035,54.354251342540735,63.97794221611613,15.18261551016548,2.961895227432251,0.0,-11.660110473632812,2.768,14.0,-12.174,1.6533,-14.805,0.0,0.0,-14.805,0.0,0.0,0.0,30.0,False,completed,0.0,One-pass CST-backed pipeline validation run.,E:\antenna_client\artifacts\exports\399b1fdd-5a2f-4c_iter0_design_399b1fdd-5a2f_farfield_metrics.json,E:\antenna_client\artifacts\exports\399b1fdd-5a2f-4c_iter0_design_399b1fdd-5a2f_s11.txt
fa085764-3ad4-4d0e-ac0c-657859a40988-design_fa085764-3ad4-4d0e-ac0c-657859a40988-iter0,2026-04-09T13:04:02.825356+00:00,microstrip_patch,rectangular,edge,linear,Rogers RT/duroid 5880,Copper (annealed),2.45,100.0,0.0,2.0,-10.0,2.2,2.4,39.740386962890625,49.52958679199219,0.035,54.354251342540735,63.97794221611613,15.18261551016548,2.961895227432251,0.0,-11.660110473632812,2.768,14.0,-12.174,1.6533,-14.805,0.0,0.0,-14.805,0.0,0.0,0.0,30.0,False,completed,0.0,One-pass CST-backed pipeline validation run.,E:\antenna_client\artifacts\exports\fa085764-3ad4-4d_iter0_design_fa085764-3ad4_farfield_metrics.json,E:\antenna_client\artifacts\exports\fa085764-3ad4-4d_iter0_design_fa085764-3ad4_s11.txt
d0cc136e-f1ed-4987-ad3c-8481fdbaebbe-design_d0cc136e-f1ed-4987-ad3c-8481fdbaebbe-iter0,2026-04-09T13:48:10.929976+00:00,microstrip_patch,rectangular,edge,linear,Rogers RT/duroid 5880,Copper (annealed),2.45,100.0,0.0,2.0,-10.0,2.2,2.4,39.740386962890625,49.52958679199219,0.035,54.354251342540735,63.97794221611613,15.18261551016548,2.961895227432251,0.0,-11.660110473632812,2.44,98.5,-18.2,1.48,4.6,0.0,0.0,4.6,0.0,0.0,0.0,30.0,False,completed,0.0,Iteration 0: CST simulation completed successfully.,,artifacts/s11_iter0.json
a7340f7a-e6ee-4b48-a51f-5a59185f3620-design_a7340f7a-e6ee-4b48-a51f-5a59185f3620-iter0,2026-04-09T18:25:16.108842+00:00,microstrip_patch,rectangular,edge,linear,Rogers RT/duroid 5880,Copper (annealed),2.4,70.0,0.0,2.0,-10.0,2.2,2.4,40.45500183105469,49.818904876708984,0.035,55.219403897690746,63.77640586564412,15.511373481122485,2.9358744621276855,0.0,-11.470550537109375,2.38,0.0,-9.590719822678983,1.99,6.8,84.9692333946781,84.9692333946781,6.8,0.0,0.0,14.892873647179801,30.0,False,completed,0.0,User submitted CST feedback from the QML UI.,E:\antenna_client\artifacts\exports\a7340f7a-e6ee-4b_iter0_design_a7340f7a-e6ee_farfield_metrics.json,E:\antenna_client\artifacts\exports\a7340f7a-e6ee-4b_iter0_design_a7340f7a-e6ee_s11.txt
a7340f7a-e6ee-4b48-a51f-5a59185f3620-design_a7340f7a-e6ee-4b48-a51f-5a59185f3620-iter1,2026-04-09T18:25:59.737642+00:00,microstrip_patch,rectangular,edge,linear,Rogers RT/duroid 5880,Copper (annealed),2.4,70.0,0.0,2.0,-10.0,2.2,2.4,39.64590179443359,49.818904876708984,0.035,55.219403897690746,63.77640586564412,15.511373481122485,2.9358744621276855,0.0,-11.470550537109375,2.43,28.0,-10.70188916982734,1.82,6.74,84.63236945481553,84.63236945481553,6.74,0.0,0.0,0.0,30.0,False,completed,0.0,User submitted CST feedback from the QML UI.,E:\antenna_client\artifacts\exports\a7340f7a-e6ee-4b_iter1_design_a7340f7a-e6ee_farfield_metrics.json,E:\antenna_client\artifacts\exports\a7340f7a-e6ee-4b_iter1_design_a7340f7a-e6ee_s11.txt
a7340f7a-e6ee-4b48-a51f-5a59185f3620-design_a7340f7a-e6ee-4b48-a51f-5a59185f3620-iter2,2026-04-09T18:26:35.338140+00:00,microstrip_patch,rectangular,edge,linear,Rogers RT/duroid 5880,Copper (annealed),2.4,70.0,0.0,2.0,-10.0,2.2,2.4,40.43881983032227,49.818904876708984,0.035,55.219403897690746,63.77640586564412,15.511373481122485,2.9358744621276855,0.0,-11.470550537109375,2.39,0.0,-9.62821973226296,1.99,6.8,85.09951794781144,85.09951794781144,6.8,0.0,0.0,0.0,30.0,False,completed,0.0,User submitted CST feedback from the QML UI.,E:\antenna_client\artifacts\exports\a7340f7a-e6ee-4b_iter2_design_a7340f7a-e6ee_farfield_metrics.json,E:\antenna_client\artifacts\exports\a7340f7a-e6ee-4b_iter2_design_a7340f7a-e6ee_s11.txt
a7340f7a-e6ee-4b48-a51f-5a59185f3620-design_a7340f7a-e6ee-4b48-a51f-5a59185f3620-iter3,2026-04-09T18:27:32.442630+00:00,microstrip_patch,rectangular,edge,linear,Rogers RT/duroid 5880,Copper (annealed),2.4,70.0,0.0,2.0,-10.0,2.2,2.52,40.43881983032227,49.818904876708984,0.035,55.219403897690746,63.77640586564412,15.511373481122485,3.08266818523407,0.0,-11.470550537109375,2.38,0.0,-9.8722808726874,1.95,6.81,85.11492092369102,85.11492092369102,6.81,0.0,0.0,0.0,30.0,False,completed,0.0,User marked this design done from the QML UI.,E:\antenna_client\artifacts\exports\a7340f7a-e6ee-4b_iter3_design_a7340f7a-e6ee_farfield_metrics.json,E:\antenna_client\artifacts\exports\a7340f7a-e6ee-4b_iter3_design_a7340f7a-e6ee_s11.txt
adce323c-86b3-489a-96c2-1adc1a98349c-design_adce323c-86b3-489a-96c2-1adc1a98349c-iter0,2026-04-09T22:46:10.903286+00:00,microstrip_patch,rectangular,edge,linear,Rogers RT/duroid 5880,Silver,3.0,90.0,0.0,2.0,-10.0,2.2,2.4,31.995737075805664,39.7492561340332,0.035,46.73316781608277,54.394888751171734,12.286603770111453,2.3837599754333496,0.0,-9.24413776397705,2.98,79.0,-15.862645434705708,1.38,7.21,90.92736379111857,90.92736379111857,7.21,0.0,0.0,16.5480831163201,30.0,False,completed,0.0,User marked this design done from the QML UI.,E:\antenna_client\artifacts\exports\adce323c-86b3-48_iter0_design_adce323c-86b3_farfield_metrics.json,E:\antenna_client\artifacts\exports\adce323c-86b3-48_iter0_design_adce323c-86b3_s11.txt
76139090-5077-4a82-bc4a-934c87a60e9f-design_76139090-5077-4a82-bc4a-934c87a60e9f-iter0,2026-04-11T18:05:04.111013+00:00,microstrip_patch,rectangular,edge,linear,Rogers RT/duroid 5880,Copper (annealed),2.2828,87.54,3.2,2.046,-9.598,2.2,2.4,42.716819763183594,52.94593048095703,0.035,57.39518305978856,66.80067828028157,16.338169562719653,3.1397311687469482,0.0,-12.359537124633789,2.2628,0.0,-9.155,2.0701,6.513,0.0,0.0,6.513,0.0,0.0,0.0,30.0,False,completed,0.0,Autotrain single-cycle run.,E:\antenna_client\artifacts\exports\76139090-5077-4a_iter0_design_76139090-5077_farfield_metrics.json,E:\antenna_client\artifacts\exports\76139090-5077-4a_iter0_design_76139090-5077_s11.txt
438e983a-e8b1-4753-879f-6b59f700041f-design_438e983a-e8b1-4753-879f-6b59f700041f-iter0,2026-04-11T18:05:54.853528+00:00,microstrip_patch,rectangular,edge,linear,Rogers RT/duroid 5880,Copper (annealed),2.7367,220.39,2.98,2.02,-9.224,2.2,2.4,35.355140686035156,46.927738189697266,0.035,50.001222634118925,65.30044028793043,13.528464600965192,2.940481662750244,0.0,-11.826000213623047,2.6987,54.0,-12.423,1.629,6.989,0.0,0.0,6.989,0.0,0.0,0.0,30.0,False,completed,0.0,Autotrain single-cycle run.,E:\antenna_client\artifacts\exports\438e983a-e8b1-47_iter0_design_438e983a-e8b1_farfield_metrics.json,E:\antenna_client\artifacts\exports\438e983a-e8b1-47_iter0_design_438e983a-e8b1_s11.txt
fe8fa770-76a8-4c28-9bdb-1f653a6dcf89-design_fe8fa770-76a8-4c28-9bdb-1f653a6dcf89-iter0,2026-04-11T18:06:45.796703+00:00,microstrip_patch,rectangular,edge,linear,Rogers RT/duroid 5880,Copper (annealed),2.3775,136.55,1.8,2.068,-15.782,2.2,2.4,41.18914031982422,52.197242736816406,0.035,55.620541714565306,67.76701633339745,15.663805851534818,3.1607723236083984,0.0,-12.602876663208008,2.3415,0.0,-9.39,2.0267,6.389,0.0,0.0,6.389,0.0,0.0,0.0,30.0,False,completed,0.0,Autotrain single-cycle run.,E:\antenna_client\artifacts\exports\fe8fa770-76a8-4c_iter0_design_fe8fa770-76a8_farfield_metrics.json,E:\antenna_client\artifacts\exports\fe8fa770-76a8-4c_iter0_design_fe8fa770-76a8_s11.txt
fde4366e-134b-447f-ac13-d809c83e85b0-design_fde4366e-134b-447f-ac13-d809c83e85b0-iter0,2026-04-11T18:07:37.021774+00:00,microstrip_patch,rectangular,edge,linear,Rogers RT/duroid 5880,Copper (annealed),3.1201,228.73,4.201,1.857,-15.992,2.2,2.4,30.925107955932617,41.24571990966797,0.035,45.424775787369654,59.217147338708415,11.78941479920047,2.6142542362213135,0.0,-10.450303077697754,3.0581,84.0,-16.48,1.3529,6.91,0.0,0.0,6.91,0.0,0.0,0.0,30.0,False,completed,0.0,Autotrain single-cycle run.,E:\antenna_client\artifacts\exports\fde4366e-134b-44_iter0_design_fde4366e-134b_farfield_metrics.json,E:\antenna_client\artifacts\exports\fde4366e-134b-44_iter0_design_fde4366e-134b_s11.txt
61bf480e-d686-46aa-a0c5-36ebf8b85a47-design_61bf480e-d686-46aa-a0c5-36ebf8b85a47-iter0,2026-04-11T18:08:31.313827+00:00,microstrip_patch,rectangular,edge,linear,Rogers RT/duroid 5880,Copper (annealed),2.4731,135.84,2.937,2.004,-14.091,2.2,2.4,39.43505859375,49.980064392089844,0.035,53.96631341843849,65.66153798397097,15.035199099006626,3.0317447185516357,0.0,-12.050399780273438,2.4401,15.0,-10.188,1.8963,6.6,0.0,0.0,6.6,0.0,0.0,0.0,30.0,False,completed,0.0,Autotrain single-cycle run.,E:\antenna_client\artifacts\exports\61bf480e-d686-46_iter0_design_61bf480e-d686_farfield_metrics.json,E:\antenna_client\artifacts\exports\61bf480e-d686-46_iter0_design_61bf480e-d686_s11.txt
cb092ffc-2f80-427a-ba3a-d3e9eb284120-design_cb092ffc-2f80-427a-ba3a-d3e9eb284120-iter0,2026-04-11T18:10:23.570052+00:00,microstrip_patch,rectangular,edge,linear,Rogers RT/duroid 5880,Copper (annealed),2.99,157.49,2.551,2.07,-8.094,2.2,2.4,32.36228561401367,41.65440368652344,0.035,46.84682446748795,57.872209748873644,12.329793297645422,2.570439100265503,0.0,-10.182812690734863,2.936,74.0,-14.69,1.4518,6.829,0.0,0.0,6.829,0.0,0.0,0.0,30.0,False,completed,0.0,Autotrain single-cycle run.,E:\antenna_client\artifacts\exports\cb092ffc-2f80-42_iter0_design_cb092ffc-2f80_farfield_metrics.json,E:\antenna_client\artifacts\exports\cb092ffc-2f80-42_iter0_design_cb092ffc-2f80_s11.txt
a4b616ca-f90b-4cad-949e-f38e0ccce4b3-design_a4b616ca-f90b-4cad-949e-f38e0ccce4b3-iter0,2026-04-11T18:12:18.273093+00:00,microstrip_patch,rectangular,edge,linear,Rogers RT/duroid 5880,Copper (annealed),2.8815,99.86,3.154,1.613,-15.461,2.2,2.4,33.454410552978516,41.721229553222656,0.035,48.13044234954223,56.54652796773242,12.817568092826047,2.5076868534088135,0.0,-9.787405967712402,2.8555,70.0,-14.305,1.4772,7.102,0.0,0.0,7.102,0.0,0.0,0.0,30.0,False,completed,0.0,Autotrain single-cycle run.,E:\antenna_client\artifacts\exports\a4b616ca-f90b-4c_iter0_design_a4b616ca-f90b_farfield_metrics.json,E:\antenna_client\artifacts\exports\a4b616ca-f90b-4c_iter0_design_a4b616ca-f90b_s11.txt
b0eb8aa6-6cb3-42c4-b359-31ffd103da12-design_b0eb8aa6-6cb3-42c4-b359-31ffd103da12-iter0,2026-04-11T18:15:12.717459+00:00,microstrip_patch,rectangular,edge,linear,Rogers RT/duroid 5880,Copper (annealed),3.1646,90.5,1.514,1.779,-16.336,2.2,2.4,30.152231216430664,37.513179779052734,0.035,44.965067601611565,52.33804299510639,11.614725688612397,2.256943941116333,0.0,-8.732952117919922,3.1446,91.0,-18.602,1.2662,7.325,0.0,0.0,7.325,0.0,0.0,0.0,30.0,False,completed,0.0,Autotrain single-cycle run.,E:\antenna_client\artifacts\exports\b0eb8aa6-6cb3-42_iter0_design_b0eb8aa6-6cb3_farfield_metrics.json,E:\antenna_client\artifacts\exports\b0eb8aa6-6cb3-42_iter0_design_b0eb8aa6-6cb3_s11.txt
3e6e6d88-f41a-463f-9fc6-27c902f31a1a-design_3e6e6d88-f41a-463f-9fc6-27c902f31a1a-iter0,2026-04-11T18:18:08.056103+00:00,microstrip_patch,rectangular,edge,linear,Rogers RT/duroid 5880,Copper (annealed),3.151,116.17,3.688,1.71,-12.614,2.2,2.4,30.365360260009766,38.23123550415039,0.035,45.10419238961245,53.70853947255696,11.66759310805273,2.327550172805786,0.0,-9.093806266784668,3.122,89.0,-17.984,1.2887,7.283,0.0,0.0,7.283,0.0,0.0,0.0,30.0,False,completed,0.0,Autotrain single-cycle run.,E:\antenna_client\artifacts\exports\3e6e6d88-f41a-46_iter0_design_3e6e6d88-f41a_farfield_metrics.json,E:\antenna_client\artifacts\exports\3e6e6d88-f41a-46_iter0_design_3e6e6d88-f41a_s11.txt
a48855cd-14f9-44a8-8d5e-ad7959252440-design_a48855cd-14f9-44a8-8d5e-ad7959252440-iter0,2026-04-11T18:19:59.677022+00:00,microstrip_patch,rectangular,edge,linear,Rogers RT/duroid 5880,Copper (annealed),3.1329,217.29,3.982,1.671,-16.206,2.2,2.4,30.883275985717773,40.98285675048828,0.035,45.29121441062648,58.7167781804171,11.738661476038063,2.588235378265381,0.0,-10.323721885681152,3.0629,85.0,-16.457,1.3539,6.734,0.0,0.0,6.734,0.0,0.0,0.0,30.0,False,completed,0.0,Autotrain single-cycle run.,E:\antenna_client\artifacts\exports\a48855cd-14f9-44_iter0_design_a48855cd-14f9_farfield_metrics.json,E:\antenna_client\artifacts\exports\a48855cd-14f9-44_iter0_design_a48855cd-14f9_s11.txt
bb6d5088-230c-4fee-8517-e5fde932b146-design_bb6d5088-230c-4fee-8517-e5fde932b146-iter0,2026-04-11T18:22:52.530725+00:00,microstrip_patch,rectangular,edge,linear,Rogers RT/duroid 5880,Copper (annealed),2.6032,182.06,0.842,1.852,-11.222,2.2,2.4,37.15857696533203,48.41389083862305,0.035,51.90945127893557,65.72968731772005,14.253591485995518,2.985278367996216,0.0,-11.960383415222168,2.5772,41.0,-11.442,1.7317,6.982,0.0,0.0,6.982,0.0,0.0,0.0,30.0,False,completed,0.0,Autotrain single-cycle run.,E:\antenna_client\artifacts\exports\bb6d5088-230c-4f_iter0_design_bb6d5088-230c_farfield_metrics.json,E:\antenna_client\artifacts\exports\bb6d5088-230c-4f_iter0_design_bb6d5088-230c_s11.txt
adef1feb-fe73-49a9-a689-aa1a4d37a505-design_adef1feb-fe73-49a9-a689-aa1a4d37a505-iter0,2026-04-11T18:24:43.361082+00:00,microstrip_patch,rectangular,edge,linear,Rogers RT/duroid 5880,Copper (annealed),2.9167,175.89,3.67,1.752,-16.963,2.2,2.4,33.22700881958008,43.1648063659668,0.035,47.70359467351948,59.89918906741035,12.655365975937404,2.6719813346862793,0.0,-10.624515533447266,2.8637,68.0,-13.932,1.5034,6.802,0.0,0.0,6.802,0.0,0.0,0.0,30.0,False,completed,0.0,Autotrain single-cycle run.,E:\antenna_client\artifacts\exports\adef1feb-fe73-49_iter0_design_adef1feb-fe73_farfield_metrics.json,E:\antenna_client\artifacts\exports\adef1feb-fe73-49_iter0_design_adef1feb-fe73_s11.txt
cb5822eb-2047-4fd5-a750-d20b6a5245af-design_cb5822eb-2047-4fd5-a750-d20b6a5245af-iter0,2026-04-11T18:26:06.272609+00:00,microstrip_patch,rectangular,edge,linear,Rogers RT/duroid 5880,Copper (annealed),2.6882,209.92,1.645,1.932,-16.436,2.2,2.4,35.98278045654297,47.53981018066406,0.035,50.67265881189909,65.6418428791531,13.783610348521655,2.964350700378418,0.0,-11.912681579589844,2.6552,49.0,-12.068,1.6639,7.0,0.0,0.0,7.0,0.0,0.0,0.0,30.0,False,completed,0.0,Autotrain single-cycle run.,E:\antenna_client\artifacts\exports\cb5822eb-2047-4f_iter0_design_cb5822eb-2047_farfield_metrics.json,E:\antenna_client\artifacts\exports\cb5822eb-2047-4f_iter0_design_cb5822eb-2047_s11.txt
9cfb6d4e-e8a6-4b5b-b7e0-ce7b252d88a3-design_9cfb6d4e-e8a6-4b5b-b7e0-ce7b252d88a3-iter0,2026-04-11T18:26:59.312421+00:00,microstrip_patch,rectangular,edge,linear,Rogers RT/duroid 5880,Copper (annealed),3.1678,141.74,4.171,1.931,-11.102,2.2,2.4,30.343347549438477,38.750099182128906,0.035,44.932505022181935,54.6957484601239,11.602351908429137,2.3873889446258545,0.0,-9.386751174926758,3.1228,89.0,-17.64,1.3021,7.125,0.0,0.0,7.125,0.0,0.0,0.0,30.0,False,completed,0.0,Autotrain single-cycle run.,E:\antenna_client\artifacts\exports\9cfb6d4e-e8a6-4b_iter0_design_9cfb6d4e-e8a6_farfield_metrics.json,E:\antenna_client\artifacts\exports\9cfb6d4e-e8a6-4b_iter0_design_9cfb6d4e-e8a6_s11.txt
264c60d8-d8d2-4ec6-93f3-3dfda150ac24-design_264c60d8-d8d2-4ec6-93f3-3dfda150ac24-iter0,2026-04-11T18:27:51.542062+00:00,microstrip_patch,rectangular,edge,linear,Rogers RT/duroid 5880,Copper (annealed),2.5489,204.5,1.308,1.929,-11.49,2.2,2.4,37.87555694580078,49.92849349975586,0.035,52.74251401307441,68.12727908837694,14.570155324968278,3.099644899368286,0.0,-12.491052627563477,2.5289,36.0,-11.121,1.7699,7.053,0.0,0.0,7.053,0.0,0.0,0.0,30.0,False,completed,0.0,Autotrain single-cycle run.,E:\antenna_client\artifacts\exports\264c60d8-d8d2-4e_iter0_design_264c60d8-d8d2_farfield_metrics.json,E:\antenna_client\artifacts\exports\264c60d8-d8d2-4e_iter0_design_264c60d8-d8d2_s11.txt
1229272d-ed7e-4b02-97ce-01b7cbfeb849-design_1229272d-ed7e-4b02-97ce-01b7cbfeb849-iter0,2026-04-11T18:28:47.462394+00:00,microstrip_patch,rectangular,edge,linear,Rogers RT/duroid 5880,Copper (annealed),2.5544,164.68,4.274,2.15,-12.384,2.2,2.4,37.89177322387695,48.846031188964844,0.035,52.65652932216554,65.7024413653516,14.537481142422905,2.994248390197754,0.0,-11.968019485473633,2.5314,35.0,-10.995,1.7856,6.947,0.0,0.0,6.947,0.0,0.0,0.0,30.0,False,completed,0.0,Autotrain single-cycle run.,E:\antenna_client\artifacts\exports\1229272d-ed7e-4b_iter0_design_1229272d-ed7e_farfield_metrics.json,E:\antenna_client\artifacts\exports\1229272d-ed7e-4b_iter0_design_1229272d-ed7e_s11.txt
33347c8a-f490-4460-82d0-91d8112fbd7f-design_33347c8a-f490-4460-82d0-91d8112fbd7f-iter0,2026-04-11T18:30:39.278065+00:00,microstrip_patch,rectangular,edge,linear,Rogers RT/duroid 5880,Copper (annealed),2.8464,196.54,2.531,2.013,-15.274,2.2,2.4,34.13372039794922,44.82215881347656,0.035,48.566535399172345,62.09756643349226,12.983283451685491,2.78871488571167,0.0,-11.144941329956055,2.7914,62.0,-13.182,1.5616,6.707,0.0,0.0,6.707,0.0,0.0,0.0,30.0,False,completed,0.0,Autotrain single-cycle run.,E:\antenna_client\artifacts\exports\33347c8a-f490-44_iter0_design_33347c8a-f490_farfield_metrics.json,E:\antenna_client\artifacts\exports\33347c8a-f490-44_iter0_design_33347c8a-f490_s11.txt
ce57e79e-274a-4486-886b-992b209b41a1-design_ce57e79e-274a-4486-886b-992b209b41a1-iter0,2026-04-11T18:31:32.837838+00:00,microstrip_patch,rectangular,edge,linear,Rogers RT/duroid 5880,Copper (annealed),3.118,111.87,4.177,1.782,-15.348,2.2,2.4,30.686107635498047,38.537452697753906,0.035,45.44679234757332,53.92028615855039,11.797781092077864,2.339813232421875,0.0,-9.13184928894043,3.092,87.0,-17.55,1.3057,7.284,0.0,0.0,7.284,0.0,0.0,0.0,30.0,False,completed,0.0,Autotrain single-cycle run.,E:\antenna_client\artifacts\exports\ce57e79e-274a-44_iter0_design_ce57e79e-274a_farfield_metrics.json,E:\antenna_client\artifacts\exports\ce57e79e-274a-44_iter0_design_ce57e79e-274a_s11.txt
32c7e18e-7063-4b79-849f-914b23c3d4ed-design_32c7e18e-7063-4b79-849f-914b23c3d4ed-iter0,2026-04-11T18:33:24.173765+00:00,microstrip_patch,rectangular,edge,linear,Rogers RT/duroid 5880,Copper (annealed),2.7517,192.07,2.211,1.85,-8.665,2.2,2.4,35.23426818847656,46.17129135131836,0.035,49.79833088733559,63.49845386257008,13.451365737187524,2.863330602645874,0.0,-11.457769393920898,2.7097,55.0,-12.502,1.6215,6.869,0.0,0.0,6.869,0.0,0.0,0.0,30.0,False,completed,0.0,Autotrain single-cycle run.,E:\antenna_client\artifacts\exports\32c7e18e-7063-4b_iter0_design_32c7e18e-7063_farfield_metrics.json,E:\antenna_client\artifacts\exports\32c7e18e-7063-4b_iter0_design_32c7e18e-7063_s11.txt
ae506b15-35f0-4436-86f5-c21ad9c7ea7c-design_ae506b15-35f0-4436-86f5-c21ad9c7ea7c-iter0,2026-04-11T18:36:11.927654+00:00,microstrip_patch,rectangular,edge,linear,Rogers RT/duroid 5880,Copper (annealed),2.5869,167.71,4.361,1.823,-11.88,2.2,2.4,37.41493225097656,48.339447021484375,0.035,52.1558671993739,65.23141511189951,14.347229535762082,2.9668383598327637,0.0,-11.858882904052734,2.5619,39.0,-11.308,1.7473,6.954,0.0,0.0,6.954,0.0,0.0,0.0,30.0,False,completed,0.0,Autotrain single-cycle run.,E:\antenna_client\artifacts\exports\ae506b15-35f0-44_iter0_design_ae506b15-35f0_farfield_metrics.json,E:\antenna_client\artifacts\exports\ae506b15-35f0-44_iter0_design_ae506b15-35f0_s11.txt
6cab185a-fc86-48a7-8de0-21e1d302d4f0-design_6cab185a-fc86-48a7-8de0-21e1d302d4f0-iter0,2026-04-11T18:43:34.530525+00:00,microstrip_patch,rectangular,edge,linear,Rogers RT/duroid 5880,Copper (annealed),4.889,74.5,1.786,1.765,-15.365,2.2,2.4,19.045703887939453,23.948389053344727,0.035,33.56874147672442,38.63877563459724,7.28412176115528,1.4638406038284302,0.0,-5.476964950561523,4.769,144.0,-15.579,1.3991,6.702,0.0,0.0,6.702,0.0,0.0,0.0,30.0,False,completed,0.0,Autotrain single-cycle run.,E:\antenna_client\artifacts\exports\6cab185a-fc86-48_iter0_design_6cab185a-fc86_farfield_metrics.json,E:\antenna_client\artifacts\exports\6cab185a-fc86-48_iter0_design_6cab185a-fc86_s11.txt
630e5260-669c-444d-b15c-5cc05bce01b5-design_630e5260-669c-444d-b15c-5cc05bce01b5-iter0,2026-04-11T18:44:26.553873+00:00,microstrip_patch,rectangular,edge,linear,Rogers RT/duroid 5880,Copper (annealed),5.0865,230.59,3.375,1.652,-8.298,2.2,2.4,18.194787979125977,24.594318389892578,0.035,32.754156203704895,41.89119854743029,6.974579357407861,1.5907533168792725,0.0,-6.174863338470459,4.9335,145.0,-14.373,1.4726,6.607,0.0,0.0,6.607,0.0,0.0,0.0,30.0,False,completed,0.0,Autotrain single-cycle run.,E:\antenna_client\artifacts\exports\630e5260-669c-44_iter0_design_630e5260-669c_farfield_metrics.json,E:\antenna_client\artifacts\exports\630e5260-669c-44_iter0_design_630e5260-669c_s11.txt
5053a578-3e25-4e57-a061-84b5290d1d5c-design_5053a578-3e25-4e57-a061-84b5290d1d5c-iter0,2026-04-11T18:45:17.755774+00:00,microstrip_patch,rectangular,edge,linear,Rogers RT/duroid 5880,Copper (annealed),2.6588,160.96,1.591,1.616,-14.499,2.2,2.4,36.46900939941406,46.979156494140625,0.035,51.09154035630347,63.48075655716622,13.94278533539532,2.8808226585388184,0.0,-11.487472534179688,2.6258,46.0,-11.788,1.6932,6.889,0.0,0.0,6.889,0.0,0.0,0.0,30.0,False,completed,0.0,Autotrain single-cycle run.,E:\antenna_client\artifacts\exports\5053a578-3e25-4e_iter0_design_5053a578-3e25_farfield_metrics.json,E:\antenna_client\artifacts\exports\5053a578-3e25-4e_iter0_design_5053a578-3e25_s11.txt
43aa7cd3-2a6c-4c50-b2eb-5af4c8b66f42-design_43aa7cd3-2a6c-4c50-b2eb-5af4c8b66f42-iter0,2026-04-11T18:46:08.856840+00:00,microstrip_patch,rectangular,edge,linear,Rogers RT/duroid 5880,Copper (annealed),4.3882,109.68,6.475,1.954,-8.065,2.2,2.4,21.421680450439453,27.185680389404297,0.035,35.96075026318617,42.406893317493015,8.193085100010745,1.6765222549438477,0.0,-6.41956901550293,4.2902,139.0,-20.243,1.2154,6.872,0.0,0.0,6.872,0.0,0.0,0.0,30.0,False,completed,0.0,Autotrain single-cycle run.,E:\antenna_client\artifacts\exports\43aa7cd3-2a6c-4c_iter0_design_43aa7cd3-2a6c_farfield_metrics.json,E:\antenna_client\artifacts\exports\43aa7cd3-2a6c-4c_iter0_design_43aa7cd3-2a6c_s11.txt
5eb23888-fc91-45fa-8d64-8c140121a907-design_5eb23888-fc91-45fa-8d64-8c140121a907-iter0,2026-04-11T18:47:01.607235+00:00,microstrip_patch,rectangular,edge,linear,Rogers RT/duroid 5880,Copper (annealed),5.7708,195.67,1.244,1.804,-17.572,2.2,2.4,15.963953018188477,21.20307159423828,0.035,30.36065141399407,37.90410353451568,6.0650475373177475,1.3741905689239502,0.0,-5.208924293518066,5.5378,143.0,-12.532,1.6187,5.863,0.0,0.0,5.863,0.0,0.0,0.0,30.0,False,completed,0.0,Autotrain single-cycle run.,E:\antenna_client\artifacts\exports\5eb23888-fc91-45_iter0_design_5eb23888-fc91_farfield_metrics.json,E:\antenna_client\artifacts\exports\5eb23888-fc91-45_iter0_design_5eb23888-fc91_s11.txt
47087620-c904-41b7-b7c9-5f6c3935fa3c-design_47087620-c904-41b7-b7c9-5f6c3935fa3c-iter0,2026-04-11T18:47:53.829232+00:00,microstrip_patch,rectangular,edge,linear,Rogers RT/duroid 5880,Copper (annealed),3.284,86.69,6.78,1.658,-14.037,2.2,2.4,28.94573402404785,36.007598876953125,0.035,43.792837052942765,50.78683268674463,11.169278080118252,2.1665384769439697,0.0,-8.357892036437988,3.265,99.0,-21.128,1.1925,7.38,0.0,0.0,7.38,0.0,0.0,0.0,30.0,True,completed,0.0,Autotrain single-cycle run.,E:\antenna_client\artifacts\exports\47087620-c904-41_iter0_design_47087620-c904_farfield_metrics.json,E:\antenna_client\artifacts\exports\47087620-c904-41_iter0_design_47087620-c904_s11.txt
c8436978-ba37-4dd6-9453-d3a9f94c221e-design_c8436978-ba37-4dd6-9453-d3a9f94c221e-iter0,2026-04-11T18:48:45.832711+00:00,microstrip_patch,rectangular,edge,linear,Rogers RT/duroid 5880,Copper (annealed),5.7778,201.35,7.785,1.922,-11.785,2.2,2.4,15.945931434631348,21.2528133392334,0.035,30.3390799079111,38.021249373971685,6.056850365006219,1.380749225616455,0.0,-5.239053249359131,5.5378,143.0,-12.517,1.6201,5.779,0.0,0.0,5.779,0.0,0.0,0.0,30.0,False,completed,0.0,Autotrain single-cycle run.,E:\antenna_client\artifacts\exports\c8436978-ba37-4d_iter0_design_c8436978-ba37_farfield_metrics.json,E:\antenna_client\artifacts\exports\c8436978-ba37-4d_iter0_design_c8436978-ba37_s11.txt
bb9bcf2c-59d1-4ef1-82d8-f1493639ff25-design_bb9bcf2c-59d1-4ef1-82d8-f1493639ff25-iter0,2026-04-11T18:49:37.216120+00:00,microstrip_patch,rectangular,edge,linear,Rogers RT/duroid 5880,Copper (annealed),4.4258,219.29,6.894,1.971,-13.774,2.2,2.4,21.34349822998047,28.55691909790039,0.035,35.762483224814616,45.83754638633074,8.117743625429556,1.8267289400100708,0.0,-7.147407531738281,4.2908,141.0,-19.901,1.2251,6.484,0.0,0.0,6.484,0.0,0.0,0.0,30.0,False,completed,0.0,Autotrain single-cycle run.,E:\antenna_client\artifacts\exports\bb9bcf2c-59d1-4e_iter0_design_bb9bcf2c-59d1_farfield_metrics.json,E:\antenna_client\artifacts\exports\bb9bcf2c-59d1-4e_iter0_design_bb9bcf2c-59d1_s11.txt
dd26b1ee-f31e-47a3-bd7e-75fe49f6ce4a-design_dd26b1ee-f31e-47a3-bd7e-75fe49f6ce4a-iter0,2026-04-11T18:50:31.262139+00:00,microstrip_patch,rectangular,edge,linear,Rogers RT/duroid 5880,Copper (annealed),5.2342,78.25,2.315,1.737,-8.798,2.2,2.4,17.6246337890625,22.29218101501465,0.035,32.18490612056302,37.0402074963788,6.758264325813949,1.3729143142700195,0.0,-5.097588539123535,5.1002,143.0,-13.828,1.511,6.652,0.0,0.0,6.652,0.0,0.0,0.0,30.0,False,completed,0.0,Autotrain single-cycle run.,E:\antenna_client\artifacts\exports\dd26b1ee-f31e-47_iter0_design_dd26b1ee-f31e_farfield_metrics.json,E:\antenna_client\artifacts\exports\dd26b1ee-f31e-47_iter0_design_dd26b1ee-f31e_s11.txt
626f2f9f-b8e7-43ea-8f5a-5b8609300feb-design_626f2f9f-b8e7-43ea-8f5a-5b8609300feb-iter0,2026-04-11T18:51:25.936292+00:00,microstrip_patch,rectangular,edge,linear,Rogers RT/duroid 5880,Copper (annealed),2.7338,88.18,5.085,1.767,-11.648,2.2,2.4,35.41252517700195,43.934730529785156,0.035,50.04070394532541,58.190720271230084,13.543467499223658,2.6195802688598633,0.0,-10.223726272583008,2.7068,57.0,-12.787,1.5955,6.952,0.0,0.0,6.952,0.0,0.0,0.0,30.0,False,completed,0.0,Autotrain single-cycle run.,E:\antenna_client\artifacts\exports\626f2f9f-b8e7-43_iter0_design_626f2f9f-b8e7_farfield_metrics.json,E:\antenna_client\artifacts\exports\626f2f9f-b8e7-43_iter0_design_626f2f9f-b8e7_s11.txt
9cb88a8a-d44c-4055-82d4-6e7e2b040dd2-design_9cb88a8a-d44c-4055-82d4-6e7e2b040dd2-iter0,2026-04-11T18:52:20.397262+00:00,microstrip_patch,rectangular,edge,linear,Rogers RT/duroid 5880,Copper (annealed),3.462,107.71,7.493,1.76,-14.48,2.2,2.4,27.296588897705078,34.37809753417969,0.035,42.194612902060285,49.81537686226369,10.56195290278291,2.0946872234344482,0.0,-8.125295639038086,3.443,107.0,-25.261,1.1154,7.485,0.0,0.0,7.485,0.0,0.0,0.0,30.0,False,completed,0.0,Autotrain single-cycle run.,E:\antenna_client\artifacts\exports\9cb88a8a-d44c-40_iter0_design_9cb88a8a-d44c_farfield_metrics.json,E:\antenna_client\artifacts\exports\9cb88a8a-d44c-40_iter0_design_9cb88a8a-d44c_s11.txt
ccb213f4-a17c-4fa6-8cc0-6b2a362e36b3-design_ccb213f4-a17c-4fa6-8cc0-6b2a362e36b3-iter0,2026-04-11T18:55:16.714008+00:00,microstrip_patch,rectangular,edge,linear,Rogers RT/duroid 5880,Copper (annealed),4.7284,100.8,1.307,2.037,-11.795,2.2,2.4,19.667804718017578,24.912874221801758,0.035,34.28097597669459,40.11365827839482,7.554770871143947,1.5357563495635986,0.0,-5.803997039794922,4.6334,144.0,-16.55,1.3495,7.009,0.0,0.0,7.009,0.0,0.0,0.0,30.0,False,completed,0.0,Autotrain single-cycle run.,E:\antenna_client\artifacts\exports\ccb213f4-a17c-4f_iter0_design_ccb213f4-a17c_farfield_metrics.json,E:\antenna_client\artifacts\exports\ccb213f4-a17c-4f_iter0_design_ccb213f4-a17c_s11.txt
917dd63d-2cd0-4a7a-8f78-823b429bffa2-design_917dd63d-2cd0-4a7a-8f78-823b429bffa2-iter0,2026-04-11T18:56:10.567109+00:00,microstrip_patch,rectangular,edge,linear,Rogers RT/duroid 5880,Copper (annealed),6.7445,185.2,5.477,1.934,-16.429,2.2,2.4,13.354970932006836,17.704849243164062,0.035,27.787962856186432,34.28087593872684,5.087425885350845,1.173157811164856,0.0,-4.302924633026123,6.4285,139.0,-11.282,1.7505,5.586,0.0,0.0,5.586,0.0,0.0,0.0,30.0,False,completed,0.0,Autotrain single-cycle run.,E:\antenna_client\artifacts\exports\917dd63d-2cd0-4a_iter0_design_917dd63d-2cd0_farfield_metrics.json,E:\antenna_client\artifacts\exports\917dd63d-2cd0-4a_iter0_design_917dd63d-2cd0_s11.txt
c84d000b-ca88-43f0-a53e-1a3e1830e529-design_c84d000b-ca88-43f0-a53e-1a3e1830e529-iter0,2026-04-11T18:59:05.661385+00:00,microstrip_patch,rectangular,edge,linear,Rogers RT/duroid 5880,Copper (annealed),5.6128,111.23,2.524,1.619,-10.677,2.2,2.4,16.54922866821289,21.305606842041016,0.035,30.86177874023206,36.33725939693167,6.255475921288184,1.3335036039352417,0.0,-4.953575611114502,5.3798,138.0,-12.742,1.5995,5.552,0.0,0.0,5.552,0.0,0.0,0.0,30.0,False,completed,0.0,Autotrain single-cycle run.,E:\antenna_client\artifacts\exports\c84d000b-ca88-43_iter0_design_c84d000b-ca88_farfield_metrics.json,E:\antenna_client\artifacts\exports\c84d000b-ca88-43_iter0_design_c84d000b-ca88_s11.txt
7cf8a045-30bf-4286-85e4-d6d54896a82f-design_7cf8a045-30bf-4286-85e4-d6d54896a82f-iter0,2026-04-11T19:00:58.508622+00:00,microstrip_patch,rectangular,edge,linear,Rogers RT/duroid 5880,Copper (annealed),2.6182,239.72,2.517,2.126,-14.554,2.2,2.4,36.88300323486328,49.368499755859375,0.035,51.68538639308714,67.80844145271718,14.168446829373115,3.108016014099121,0.0,-12.572736740112305,2.5922,45.0,-11.658,1.7074,7.073,0.0,0.0,7.073,0.0,0.0,0.0,30.0,False,completed,0.0,Autotrain single-cycle run.,E:\antenna_client\artifacts\exports\7cf8a045-30bf-42_iter0_design_7cf8a045-30bf_farfield_metrics.json,E:\antenna_client\artifacts\exports\7cf8a045-30bf-42_iter0_design_7cf8a045-30bf_s11.txt
fb017ca1-f2d9-4de0-941c-259d063edaec-design_fb017ca1-f2d9-4de0-941c-259d063edaec-iter0,2026-04-11T19:01:54.018379+00:00,microstrip_patch,rectangular,edge,linear,Rogers RT/duroid 5880,Copper (annealed),3.5968,234.62,2.119,1.875,-10.466,2.2,2.4,26.60832977294922,35.660118103027344,0.035,41.08895471893386,53.277330241187755,10.141802793194868,2.281153917312622,0.0,-9.044944763183594,3.5148,113.0,-27.746,1.0855,6.922,0.0,0.0,6.922,0.0,0.0,0.0,30.0,False,completed,0.0,Autotrain single-cycle run.,E:\antenna_client\artifacts\exports\fb017ca1-f2d9-4d_iter0_design_fb017ca1-f2d9_farfield_metrics.json,E:\antenna_client\artifacts\exports\fb017ca1-f2d9-4d_iter0_design_fb017ca1-f2d9_s11.txt
28b680e7-3580-4fc7-bdf2-f15008796054-design_28b680e7-3580-4fc7-bdf2-f15008796054-iter0,2026-04-11T19:02:47.869775+00:00,microstrip_patch,rectangular,edge,linear,Rogers RT/duroid 5880,Copper (annealed),4.4753,117.29,7.183,1.951,-11.994,2.2,2.4,20.940322875976562,26.662918090820312,0.035,35.506515514321165,42.113697987114946,8.020475895442043,1.650698184967041,0.0,-6.320854663848877,4.3773,142.0,-19.196,1.2464,6.932,0.0,0.0,6.932,0.0,0.0,0.0,30.0,False,completed,0.0,Autotrain single-cycle run.,E:\antenna_client\artifacts\exports\28b680e7-3580-4f_iter0_design_28b680e7-3580_farfield_metrics.json,E:\antenna_client\artifacts\exports\28b680e7-3580-4f_iter0_design_28b680e7-3580_s11.txt
43229caf-f6ba-43eb-8083-cc8bdbf81479-design_43229caf-f6ba-43eb-8083-cc8bdbf81479-iter0,2026-04-11T19:03:40.093350+00:00,microstrip_patch,rectangular,edge,linear,Rogers RT/duroid 5880,Copper (annealed),2.6624,249.56,0.727,1.906,-8.471,2.2,2.4,36.248390197753906,48.713844299316406,0.035,51.03975409094959,66.92177787391233,13.923106554560846,3.0807647705078125,0.0,-12.470970153808594,2.6344,49.0,-12.105,1.6602,7.098,0.0,0.0,7.098,0.0,0.0,0.0,30.0,False,completed,0.0,Autotrain single-cycle run.,E:\antenna_client\artifacts\exports\43229caf-f6ba-43_iter0_design_43229caf-f6ba_farfield_metrics.json,E:\antenna_client\artifacts\exports\43229caf-f6ba-43_iter0_design_43229caf-f6ba_s11.txt
8a0afe78-a15e-4ad3-bc24-4c7bf252a76a-design_8a0afe78-a15e-4ad3-bc24-4c7bf252a76a-iter0,2026-04-11T19:05:33.758280+00:00,microstrip_patch,rectangular,edge,linear,Rogers RT/duroid 5880,Copper (annealed),2.0811,182.94,3.377,2.075,-8.635,2.2,2.4,47.038055419921875,61.12950134277344,0.035,61.71091983320175,78.66975913554086,17.978149536616666,3.749556064605713,0.0,-15.207855224609375,2.0541,0.0,-7.646,2.4168,6.148,0.0,0.0,6.148,0.0,0.0,0.0,30.0,False,completed,0.0,Autotrain single-cycle run.,E:\antenna_client\artifacts\exports\8a0afe78-a15e-4a_iter0_design_8a0afe78-a15e_farfield_metrics.json,E:\antenna_client\artifacts\exports\8a0afe78-a15e-4a_iter0_design_8a0afe78-a15e_s11.txt
3d77eb9c-3f2c-4609-80e3-c39e2697be89-design_3d77eb9c-3f2c-4609-80e3-c39e2697be89-iter0,2026-04-11T19:06:28.440410+00:00,microstrip_patch,rectangular,edge,linear,Rogers RT/duroid 5880,Copper (annealed),3.5226,249.3,7.769,1.917,-16.608,2.2,2.4,27.152090072631836,36.63889694213867,0.035,41.6871495709289,54.096241813292494,10.369116836952983,2.3535280227661133,0.0,-9.368837356567383,3.4486,110.0,-25.788,1.1083,7.039,0.0,0.0,7.039,0.0,0.0,0.0,30.0,False,completed,0.0,Autotrain single-cycle run.,E:\antenna_client\artifacts\exports\3d77eb9c-3f2c-46_iter0_design_3d77eb9c-3f2c_farfield_metrics.json,E:\antenna_client\artifacts\exports\3d77eb9c-3f2c-46_iter0_design_3d77eb9c-3f2c_s11.txt
3ff664ba-e1d2-475d-9c28-e2a0deb67f65-design_3ff664ba-e1d2-475d-9c28-e2a0deb67f65-iter0,2026-04-11T19:10:18.422325+00:00,microstrip_patch,rectangular,edge,linear,Rogers RT/duroid 5880,Copper (annealed),4.8971,90.08,3.63,1.861,-17.538,2.2,2.4,18.956010818481445,23.971349716186523,0.035,33.53404918573352,38.90358714155785,7.27093869057874,1.4735183715820312,0.0,-5.53376579284668,4.7871,144.0,-15.455,1.406,6.85,0.0,0.0,6.85,0.0,0.0,0.0,30.0,False,completed,0.0,Autotrain single-cycle run.,E:\antenna_client\artifacts\exports\3ff664ba-e1d2-47_iter0_design_3ff664ba-e1d2_farfield_metrics.json,E:\antenna_client\artifacts\exports\3ff664ba-e1d2-47_iter0_design_3ff664ba-e1d2_s11.txt
ab93879c-5400-4893-bb56-a30cf641c1a6-design_ab93879c-5400-4893-bb56-a30cf641c1a6-iter0,2026-04-11T19:12:12.501194+00:00,microstrip_patch,rectangular,edge,linear,Rogers RT/duroid 5880,Copper (annealed),6.142,117.41,1.429,1.9,-17.126,2.2,2.4,14.941035270690918,19.371919631958008,0.035,29.284199910863155,34.59617194852608,5.655995966128,1.226010799407959,0.0,-4.4939799308776855,5.867,133.0,-11.727,1.6998,5.429,0.0,0.0,5.429,0.0,0.0,0.0,30.0,False,completed,0.0,Autotrain single-cycle run.,E:\antenna_client\artifacts\exports\ab93879c-5400-48_iter0_design_ab93879c-5400_farfield_metrics.json,E:\antenna_client\artifacts\exports\ab93879c-5400-48_iter0_design_ab93879c-5400_s11.txt
c4246b43-ba96-4207-b25e-5f805c751a06-design_c4246b43-ba96-4207-b25e-5f805c751a06-iter0,2026-04-11T19:14:05.961682+00:00,microstrip_patch,rectangular,edge,linear,Rogers RT/duroid 5880,Copper (annealed),6.1137,123.72,4.872,1.983,-9.528,2.2,2.4,15.034920692443848,19.520347595214844,0.035,29.361690460644162,34.84254436280546,5.685442375044782,1.2377489805221558,0.0,-4.55231237411499,5.8357,134.0,-11.794,1.6926,5.38,0.0,0.0,5.38,0.0,0.0,0.0,30.0,False,completed,0.0,Autotrain single-cycle run.,E:\antenna_client\artifacts\exports\c4246b43-ba96-42_iter0_design_c4246b43-ba96_farfield_metrics.json,E:\antenna_client\artifacts\exports\c4246b43-ba96-42_iter0_design_c4246b43-ba96_s11.txt
60b8aee2-6a17-4e4b-956c-24ccfb817daf-design_60b8aee2-6a17-4e4b-956c-24ccfb817daf-iter0,2026-04-11T19:16:14.985189+00:00,microstrip_patch,rectangular,edge,linear,Rogers RT/duroid 5880,Copper (annealed),5.5413,167.09,4.243,2.067,-8.006,2.2,2.4,16.725120544433594,21.954662322998047,0.035,31.097890215943142,38.11355956870459,6.345198282058394,1.3999488353729248,0.0,-5.300634384155273,5.3243,142.0,-12.936,1.5824,5.847,0.0,0.0,5.847,0.0,0.0,0.0,30.0,False,completed,0.0,Autotrain single-cycle run.,E:\antenna_client\artifacts\exports\60b8aee2-6a17-4e_iter0_design_60b8aee2-6a17_farfield_metrics.json,E:\antenna_client\artifacts\exports\60b8aee2-6a17-4e_iter0_design_60b8aee2-6a17_s11.txt
b68f6293-36d3-48bc-86e4-871609731873-design_b68f6293-36d3-48bc-86e4-871609731873-iter0,2026-04-11T19:19:11.310871+00:00,microstrip_patch,rectangular,edge,linear,Rogers RT/duroid 5880,Copper (annealed),3.218,73.51,7.03,2.157,-16.317,2.2,2.4,29.770145416259766,36.78219985961914,0.035,44.43011046801966,51.22516285815596,11.411441977847472,2.1974520683288574,0.0,-8.439538955688477,3.184,93.0,-19.026,1.2519,7.201,0.0,0.0,7.201,0.0,0.0,0.0,30.0,False,completed,0.0,Autotrain single-cycle run.,E:\antenna_client\artifacts\exports\b68f6293-36d3-48_iter0_design_b68f6293-36d3_farfield_metrics.json,E:\antenna_client\artifacts\exports\b68f6293-36d3-48_iter0_design_b68f6293-36d3_s11.txt
6434e6f5-6079-4415-a060-a710ee5ba359-design_6434e6f5-6079-4415-a060-a710ee5ba359-iter0,2026-04-11T19:21:17.877289+00:00,microstrip_patch,rectangular,edge,linear,Rogers RT/duroid 5880,Copper (annealed),3.1298,80.43,7.576,2.127,-8.857,2.2,2.4,30.587724685668945,37.87753677368164,0.035,45.32346159685369,52.283273576941845,11.750915406804404,2.2667548656463623,0.0,-8.739835739135742,3.1038,88.0,-17.857,1.2935,7.244,0.0,0.0,7.244,0.0,0.0,0.0,30.0,False,completed,0.0,Autotrain single-cycle run.,E:\antenna_client\artifacts\exports\6434e6f5-6079-44_iter0_design_6434e6f5-6079_farfield_metrics.json,E:\antenna_client\artifacts\exports\6434e6f5-6079-44_iter0_design_6434e6f5-6079_s11.txt
8d205f58-262a-4f7c-83c1-ae8199b1743c-design_8d205f58-262a-4f7c-83c1-ae8199b1743c-iter0,2026-04-11T19:23:13.389846+00:00,microstrip_patch,rectangular,edge,linear,Rogers RT/duroid 5880,Copper (annealed),4.0757,82.46,6.127,2.056,-9.284,2.2,2.4,23.094635009765625,28.93598747253418,0.035,37.74920679880093,43.56499544933001,8.872698583544352,1.7579838037490845,0.0,-6.710879325866699,4.0147,132.0,-25.416,1.1133,7.216,0.0,0.0,7.216,0.0,0.0,0.0,30.0,False,completed,0.0,Autotrain single-cycle run.,E:\antenna_client\artifacts\exports\8d205f58-262a-4f_iter0_design_8d205f58-262a_farfield_metrics.json,E:\antenna_client\artifacts\exports\8d205f58-262a-4f_iter0_design_8d205f58-262a_s11.txt
212d0e40-dd0e-4a43-9234-181dfd8d3f6e-design_212d0e40-dd0e-4a43-9234-181dfd8d3f6e-iter0,2026-04-11T19:25:09.505615+00:00,microstrip_patch,rectangular,edge,linear,Rogers RT/duroid 5880,Copper (annealed),4.019,168.96,6.979,1.759,-12.231,2.2,2.4,23.660110473632812,30.716068267822266,0.035,38.103324380622325,47.16460544288852,9.007263264636483,1.9357267618179321,0.0,-7.541374206542969,3.92,130.0,-30.315,1.0629,6.781,0.0,0.0,6.781,0.0,0.0,0.0,30.0,False,completed,0.0,Autotrain single-cycle run.,E:\antenna_client\artifacts\exports\212d0e40-dd0e-4a_iter0_design_212d0e40-dd0e_farfield_metrics.json,E:\antenna_client\artifacts\exports\212d0e40-dd0e-4a_iter0_design_212d0e40-dd0e_s11.txt
131163ac-fa34-46f4-93b7-c1d6498590af-design_131163ac-fa34-46f4-93b7-c1d6498590af-iter0,2026-04-11T19:26:16.072032+00:00,microstrip_patch,rectangular,edge,linear,Rogers RT/duroid 5880,Copper (annealed),2.6225,167.07,1.609,2.038,-11.117,2.2,2.4,37.822452545166016,48.609901428222656,0.035,51.6216249423862,64.50523738940355,14.144217478106755,2.9675393104553223,0.0,-11.914994239807129,2.5395,28.0,-10.616,1.8352,5.375,0.0,0.0,5.375,0.0,0.0,0.0,30.0,False,completed,0.0,Autotrain single-cycle run.,E:\antenna_client\artifacts\exports\131163ac-fa34-46_iter0_design_131163ac-fa34_farfield_metrics.json,E:\antenna_client\artifacts\exports\131163ac-fa34-46_iter0_design_131163ac-fa34_s11.txt
3db4e9cb-780e-430c-b57c-543f3703a07f-design_3db4e9cb-780e-430c-b57c-543f3703a07f-iter0,2026-04-11T19:27:19.150639+00:00,microstrip_patch,rectangular,edge,linear,Rogers RT/duroid 5880,Copper (annealed),6.7743,186.98,4.141,1.863,-9.21,2.2,2.4,13.80453109741211,17.6256160736084,0.035,27.72083103443162,34.232342496799035,5.061915793084015,1.1957509517669678,0.0,-4.233272552490234,6.2823,83.0,-11.809,1.691,3.467,0.0,0.0,3.467,0.0,0.0,0.0,30.0,False,completed,0.0,Autotrain single-cycle run.,E:\antenna_client\artifacts\exports\3db4e9cb-780e-43_iter0_design_3db4e9cb-780e_farfield_metrics.json,E:\antenna_client\artifacts\exports\3db4e9cb-780e-43_iter0_design_3db4e9cb-780e_s11.txt
64d0de57-bda7-4905-b304-acc0da560bf2-design_64d0de57-bda7-4905-b304-acc0da560bf2-iter0,2026-04-11T19:30:18.349136+00:00,microstrip_patch,rectangular,edge,linear,Rogers RT/duroid 5880,Copper (annealed),2.6909,130.86,1.841,1.953,-10.202,2.2,2.4,36.74742889404297,46.23551940917969,0.035,50.63464679441347,61.23831657977846,13.769165781877119,2.8147542476654053,0.0,-11.108436584472656,2.6119,38.0,-11.105,1.7719,5.613,0.0,0.0,5.613,0.0,0.0,0.0,30.0,False,completed,0.0,Autotrain single-cycle run.,E:\antenna_client\artifacts\exports\64d0de57-bda7-49_iter0_design_64d0de57-bda7_farfield_metrics.json,E:\antenna_client\artifacts\exports\64d0de57-bda7-49_iter0_design_64d0de57-bda7_s11.txt
57f94e29-8289-47a0-8243-00af91ccce16-design_57f94e29-8289-47a0-8243-00af91ccce16-iter0,2026-04-11T19:35:24.722112+00:00,microstrip_patch,rectangular,edge,linear,Rogers RT/duroid 5880,Copper (annealed),6.4582,172.79,6.277,1.884,-16.075,2.2,2.4,14.748774528503418,18.718303680419922,0.035,28.46432734541615,34.877576442099226,5.344444391258138,1.2508816719055176,0.0,-4.4642720222473145,5.9582,72.0,-12.28,1.6428,2.818,0.0,0.0,2.818,0.0,0.0,0.0,30.0,False,completed,0.0,Autotrain single-cycle run.,E:\antenna_client\artifacts\exports\57f94e29-8289-47_iter0_design_57f94e29-8289_farfield_metrics.json,E:\antenna_client\artifacts\exports\57f94e29-8289-47_iter0_design_57f94e29-8289_s11.txt
31b25c06-b95f-451b-8d1b-5a9c0c68e026-design_31b25c06-b95f-451b-8d1b-5a9c0c68e026-iter0,2026-04-11T19:36:19.608617+00:00,microstrip_patch,rectangular,edge,linear,Rogers RT/duroid 5880,Copper (annealed),2.5092,87.45,3.389,1.859,-12.67,2.2,2.4,38.27607727050781,47.26236343383789,0.035,53.374295407552935,62.06735881900329,14.810232254870115,2.857389211654663,0.0,-11.166191101074219,2.5102,33.0,-10.916,1.7956,6.908,0.0,0.0,6.908,0.0,0.0,0.0,30.0,False,completed,0.0,Autotrain single-cycle run.,E:\antenna_client\artifacts\exports\31b25c06-b95f-45_iter0_design_31b25c06-b95f_farfield_metrics.json,E:\antenna_client\artifacts\exports\31b25c06-b95f-45_iter0_design_31b25c06-b95f_s11.txt
0e00bb79-08e5-4698-9cc2-45950a2ead8f-design_0e00bb79-08e5-4698-9cc2-45950a2ead8f-iter0,2026-04-11T19:37:14.913254+00:00,microstrip_patch,rectangular,edge,linear,Rogers RT/duroid 5880,Copper (annealed),5.3641,191.21,0.787,2.19,-12.026,2.2,2.4,17.528820037841797,22.02069091796875,0.035,31.710013393128346,39.56299553820785,6.577805089388772,1.4382110834121704,0.0,-5.233887672424316,5.1251,159.0,-15.463,1.4056,5.375,0.0,0.0,5.375,0.0,0.0,0.0,30.0,False,completed,0.0,Autotrain single-cycle run.,E:\antenna_client\artifacts\exports\0e00bb79-08e5-46_iter0_design_0e00bb79-08e5_farfield_metrics.json,E:\antenna_client\artifacts\exports\0e00bb79-08e5-46_iter0_design_0e00bb79-08e5_s11.txt
3195a304-6b24-4fc2-a706-f668627dc0e8-design_3195a304-6b24-4fc2-a706-f668627dc0e8-iter0,2026-04-11T19:38:07.339867+00:00,microstrip_patch,rectangular,edge,linear,Rogers RT/duroid 5880,Copper (annealed),3.2983,225.1,1.522,1.749,-12.486,2.2,2.4,31.286834716796875,40.09191131591797,0.035,43.658104248506675,56.79577400827825,11.118079614432537,2.537651300430298,0.0,-9.973270416259766,3.0433,69.0,-13.172,1.5624,1.304,0.0,0.0,1.304,0.0,0.0,0.0,30.0,False,completed,0.0,Autotrain single-cycle run.,E:\antenna_client\artifacts\exports\3195a304-6b24-4f_iter0_design_3195a304-6b24_farfield_metrics.json,E:\antenna_client\artifacts\exports\3195a304-6b24-4f_iter0_design_3195a304-6b24_s11.txt
c92b5bf7-0d65-46d3-93f5-8f772621bfc5-design_c92b5bf7-0d65-46d3-93f5-8f772621bfc5-iter0,2026-04-11T19:39:26.386472+00:00,microstrip_patch,rectangular,edge,linear,Rogers RT/duroid 5880,Copper (annealed),3.736,120.14,7.386,1.75,-12.431,2.2,2.4,25.390727996826172,30.143268585205078,0.035,40.03047227879807,47.71083535114742,9.739579465943269,1.904198408126831,0.0,-6.961297988891602,3.698,118.0,-24.563,1.1257,7.377,0.0,0.0,7.377,0.0,0.0,0.0,30.0,False,completed,0.0,Autotrain single-cycle run.,E:\antenna_client\artifacts\exports\c92b5bf7-0d65-46_iter0_design_c92b5bf7-0d65_farfield_metrics.json,E:\antenna_client\artifacts\exports\c92b5bf7-0d65-46_iter0_design_c92b5bf7-0d65_s11.txt
4c6bbc39-3b2b-4e48-b8db-4209e6474c8c-design_4c6bbc39-3b2b-4e48-b8db-4209e6474c8c-iter0,2026-04-11T19:40:37.662598+00:00,microstrip_patch,rectangular,edge,linear,Rogers RT/duroid 5880,Copper (annealed),6.0652,169.06,7.994,1.63,-16.36,2.2,2.4,15.813055992126465,19.97527313232422,0.035,29.496164399587816,36.11334204918695,5.736542471843371,1.3179972171783447,0.0,-4.740978240966797,5.6142,127.0,-13.212,1.5591,2.922,0.0,0.0,2.922,0.0,0.0,0.0,30.0,False,completed,0.0,Autotrain single-cycle run.,E:\antenna_client\artifacts\exports\4c6bbc39-3b2b-4e_iter0_design_4c6bbc39-3b2b_farfield_metrics.json,E:\antenna_client\artifacts\exports\4c6bbc39-3b2b-4e_iter0_design_4c6bbc39-3b2b_s11.txt
53fb68d7-a348-4b11-8fec-3f69b1db6260-design_53fb68d7-a348-4b11-8fec-3f69b1db6260-iter0,2026-04-11T19:41:41.364902+00:00,microstrip_patch,rectangular,edge,linear,Rogers RT/duroid 5880,Copper (annealed),6.6357,236.75,1.33,2.109,-12.856,2.2,2.4,13.69454574584961,17.57857322692871,0.035,28.038155101722722,35.47298120944349,5.182498938654636,1.2120081186294556,0.0,-4.273474216461182,6.3097,166.0,-12.162,1.6545,5.431,0.0,0.0,5.431,0.0,0.0,0.0,30.0,False,completed,0.0,Autotrain single-cycle run.,E:\antenna_client\artifacts\exports\53fb68d7-a348-4b_iter0_design_53fb68d7-a348_farfield_metrics.json,E:\antenna_client\artifacts\exports\53fb68d7-a348-4b_iter0_design_53fb68d7-a348_s11.txt
1fa5b292-d3d0-473a-979e-28ec97e8f743-design_1fa5b292-d3d0-473a-979e-28ec97e8f743-iter0,2026-04-11T19:42:43.423654+00:00,microstrip_patch,rectangular,edge,linear,Rogers RT/duroid 5880,Copper (annealed),2.6329,142.19,3.032,1.635,-17.853,2.2,2.4,37.52116394042969,47.597774505615234,0.035,51.468268142669324,62.90755065513279,14.085941894214344,2.895956516265869,0.0,-11.521907806396484,2.5599,32.0,-10.79,1.8118,5.722,0.0,0.0,5.722,0.0,0.0,0.0,30.0,False,completed,0.0,Autotrain single-cycle run.,E:\antenna_client\artifacts\exports\1fa5b292-d3d0-47_iter0_design_1fa5b292-d3d0_farfield_metrics.json,E:\antenna_client\artifacts\exports\1fa5b292-d3d0-47_iter0_design_1fa5b292-d3d0_s11.txt
78a63be4-bd78-4feb-96e2-74ec60d13e3c-design_78a63be4-bd78-4feb-96e2-74ec60d13e3c-iter0,2026-04-11T19:43:43.021873+00:00,microstrip_patch,rectangular,edge,linear,Rogers RT/duroid 5880,Copper (annealed),2.9056,211.13,3.384,1.873,-17.573,2.2,2.4,34.84818649291992,45.095970153808594,0.035,47.837086484509925,61.8695616674806,12.706092864113772,2.8087382316589355,0.0,-11.234777450561523,2.7466,44.0,-11.355,1.7419,3.216,0.0,0.0,3.216,0.0,0.0,0.0,30.0,False,completed,0.0,Autotrain single-cycle run.,E:\antenna_client\artifacts\exports\78a63be4-bd78-4f_iter0_design_78a63be4-bd78_farfield_metrics.json,E:\antenna_client\artifacts\exports\78a63be4-bd78-4f_iter0_design_78a63be4-bd78_s11.txt
f60ece8e-7535-4b39-90d6-15e962aa5513-design_f60ece8e-7535-4b39-90d6-15e962aa5513-iter0,2026-04-11T19:45:42.827089+00:00,microstrip_patch,rectangular,edge,linear,Rogers RT/duroid 5880,Copper (annealed),6.7757,170.04,1.238,2.031,-10.967,2.2,2.4,13.93618106842041,17.7506103515625,0.035,27.717691641332493,33.85790528358305,5.060722823706349,1.1976033449172974,0.0,-4.2381486892700195,6.2757,35.0,-11.199,1.7603,2.859,0.0,0.0,2.859,0.0,0.0,0.0,30.0,False,completed,0.0,Autotrain single-cycle run.,E:\antenna_client\artifacts\exports\f60ece8e-7535-4b_iter0_design_f60ece8e-7535_farfield_metrics.json,E:\antenna_client\artifacts\exports\f60ece8e-7535-4b_iter0_design_f60ece8e-7535_s11.txt
cf4407db-ed4d-436e-a177-060157979bc2-design_cf4407db-ed4d-436e-a177-060157979bc2-iter0,2026-04-11T19:46:46.124169+00:00,microstrip_patch,rectangular,edge,linear,Rogers RT/duroid 5880,Copper (annealed),6.6342,174.25,5.984,1.925,-8.572,2.2,2.4,14.278016090393066,18.163860321044922,0.035,28.041661501114945,34.36692183474372,5.18383137042368,1.2210898399353027,0.0,-4.33888578414917,6.1342,53.0,-11.78,1.6941,2.857,0.0,0.0,2.857,0.0,0.0,0.0,30.0,False,completed,0.0,Autotrain single-cycle run.,E:\antenna_client\artifacts\exports\cf4407db-ed4d-43_iter0_design_cf4407db-ed4d_farfield_metrics.json,E:\antenna_client\artifacts\exports\cf4407db-ed4d-43_iter0_design_cf4407db-ed4d_s11.txt
29d00351-1456-416f-b4b9-3c1c533750fd-design_29d00351-1456-416f-b4b9-3c1c533750fd-iter0,2026-04-11T19:47:46.337111+00:00,microstrip_patch,rectangular,edge,linear,Rogers RT/duroid 5880,Copper (annealed),4.5961,160.51,1.259,2.112,-17.608,2.2,2.4,20.029224395751953,24.503944396972656,0.035,34.90485560896361,42.77824620575595,7.791845131406172,1.5796748399734497,0.0,-5.7174482345581055,4.5581,151.0,-20.568,1.2067,7.596,0.0,0.0,7.596,0.0,0.0,0.0,30.0,False,completed,0.0,Autotrain single-cycle run.,E:\antenna_client\artifacts\exports\29d00351-1456-41_iter0_design_29d00351-1456_farfield_metrics.json,E:\antenna_client\artifacts\exports\29d00351-1456-41_iter0_design_29d00351-1456_s11.txt
9675be35-61c6-417b-b3a4-71cd9d2e1298-design_9675be35-61c6-417b-b3a4-71cd9d2e1298-iter0,2026-04-11T19:50:45.836913+00:00,microstrip_patch,rectangular,edge,linear,Rogers RT/duroid 5880,Copper (annealed),2.1354,230.25,4.756,1.748,-14.194,2.2,2.4,40.54352951049805,53.907752990722656,0.035,60.46919585895349,79.88374141214953,17.506294426402327,3.301896095275879,0.0,-13.515073776245117,2.3534,37.0,-11.538,1.7208,-0.287,0.0,0.0,-0.287,0.0,0.0,0.0,30.0,False,completed,0.0,Autotrain single-cycle run.,E:\antenna_client\artifacts\exports\9675be35-61c6-41_iter0_design_9675be35-61c6_farfield_metrics.json,E:\antenna_client\artifacts\exports\9675be35-61c6-41_iter0_design_9675be35-61c6_s11.txt
fec77aea-9b00-4d94-abd9-fad790f1a5b3-design_fec77aea-9b00-4d94-abd9-fad790f1a5b3-iter0,2026-04-11T19:53:03.363263+00:00,microstrip_patch,rectangular,edge,linear,Rogers RT/duroid 5880,Copper (annealed),3.7219,175.06,7.478,1.914,-10.043,2.2,2.4,26.474321365356445,32.6725959777832,0.035,40.134106556005406,50.02281025882218,9.778960491282055,2.077301263809204,0.0,-7.830554008483887,3.5549,111.0,-21.042,1.1947,4.74,0.0,0.0,4.74,0.0,0.0,0.0,30.0,False,completed,0.0,Autotrain single-cycle run.,E:\antenna_client\artifacts\exports\fec77aea-9b00-4d_iter0_design_fec77aea-9b00_farfield_metrics.json,E:\antenna_client\artifacts\exports\fec77aea-9b00-4d_iter0_design_fec77aea-9b00_s11.txt
bfbcff64-072b-4424-8c49-bf555d99ff4f-design_bfbcff64-072b-4424-8c49-bf555d99ff4f-iter0,2026-04-11T19:56:14.450103+00:00,microstrip_patch,rectangular,edge,linear,Rogers RT/duroid 5880,Copper (annealed),5.2958,112.96,5.374,1.837,-11.0,2.2,2.4,17.644641876220703,21.731287002563477,0.035,31.95682013550757,37.69878641367514,6.671591651492877,1.407662272453308,0.0,-5.090126037597656,5.1038,156.0,-15.202,1.4206,5.944,0.0,0.0,5.944,0.0,0.0,0.0,30.0,False,completed,0.0,Autotrain single-cycle run.,E:\antenna_client\artifacts\exports\bfbcff64-072b-44_iter0_design_bfbcff64-072b_farfield_metrics.json,E:\antenna_client\artifacts\exports\bfbcff64-072b-44_iter0_design_bfbcff64-072b_s11.txt
18622200-bde1-464f-a85d-0e3d83a9cf5e-design_18622200-bde1-464f-a85d-0e3d83a9cf5e-iter0,2026-04-11T19:58:21.832741+00:00,microstrip_patch,rectangular,edge,linear,Rogers RT/duroid 5880,Copper (annealed),3.1757,205.34,3.666,1.644,-17.985,2.2,2.4,32.51487731933594,41.60041809082031,0.035,44.85239560924772,57.5621029099554,11.571910331514134,2.6102676391601562,0.0,-10.297576904296875,2.9367,59.0,-12.306,1.6403,1.364,0.0,0.0,1.364,0.0,0.0,0.0,30.0,False,completed,0.0,Autotrain single-cycle run.,E:\antenna_client\artifacts\exports\18622200-bde1-46_iter0_design_18622200-bde1_farfield_metrics.json,E:\antenna_client\artifacts\exports\18622200-bde1-46_iter0_design_18622200-bde1_s11.txt
b2c720de-496e-4b3c-a47e-396726dd48ae-design_b2c720de-496e-4b3c-a47e-396726dd48ae-iter0,2026-04-11T20:01:32.504166+00:00,microstrip_patch,rectangular,edge,linear,Rogers RT/duroid 5880,Copper (annealed),6.7793,83.19,2.122,1.728,-17.333,2.2,2.4,13.39255428314209,16.621475219726562,0.035,27.70962484086337,31.949880707695502,5.057657439528082,1.131699562072754,0.0,-3.958326816558838,6.4433,169.0,-12.162,1.6545,5.231,0.0,0.0,5.231,0.0,0.0,0.0,30.0,False,completed,0.0,Autotrain single-cycle run.,E:\antenna_client\artifacts\exports\b2c720de-496e-4b_iter0_design_b2c720de-496e_farfield_metrics.json,E:\antenna_client\artifacts\exports\b2c720de-496e-4b_iter0_design_b2c720de-496e_s11.txt
41af5c73-0391-4f7a-9d07-eef144fa2024-design_41af5c73-0391-4f7a-9d07-eef144fa2024-iter0,2026-04-11T20:02:38.252308+00:00,microstrip_patch,rectangular,edge,linear,Rogers RT/duroid 5880,Copper (annealed),6.1686,228.27,1.262,1.822,-16.337,2.2,2.4,15.03945541381836,19.22052574157715,0.035,29.212008907735033,37.06867383385276,5.628563384939312,1.2971274852752686,0.0,-4.640206336975098,5.8406,159.0,-12.805,1.5939,4.916,0.0,0.0,4.916,0.0,0.0,0.0,30.0,False,completed,0.0,Autotrain single-cycle run.,E:\antenna_client\artifacts\exports\41af5c73-0391-4f_iter0_design_41af5c73-0391_farfield_metrics.json,E:\antenna_client\artifacts\exports\41af5c73-0391-4f_iter0_design_41af5c73-0391_s11.txt
688444e0-2b89-49b7-855a-1f94c3e47b16-design_688444e0-2b89-49b7-855a-1f94c3e47b16-iter0,2026-04-11T20:03:41.129441+00:00,microstrip_patch,rectangular,edge,linear,Rogers RT/duroid 5880,Copper (annealed),5.2288,180.1,5.232,2.192,-8.078,2.2,2.4,17.98147964477539,22.489681243896484,0.035,32.20515529868108,39.89937055519408,6.76595901349881,1.4625983238220215,0.0,-5.3292694091796875,5.0118,158.0,-16.053,1.374,5.604,0.0,0.0,5.604,0.0,0.0,0.0,30.0,False,completed,0.0,Autotrain single-cycle run.,E:\antenna_client\artifacts\exports\688444e0-2b89-49_iter0_design_688444e0-2b89_farfield_metrics.json,E:\antenna_client\artifacts\exports\688444e0-2b89-49_iter0_design_688444e0-2b89_s11.txt
16286bba-b5c1-4cc0-9034-32751ef58e69-design_16286bba-b5c1-4cc0-9034-32751ef58e69-iter0,2026-04-11T20:04:42.772647+00:00,microstrip_patch,rectangular,edge,linear,Rogers RT/duroid 5880,Copper (annealed),5.8307,123.89,7.511,1.998,-9.343,2.2,2.4,16.314464569091797,20.355337142944336,0.035,30.177725971002225,35.83906656797216,5.995535868980846,1.3307256698608398,0.0,-4.7935285568237305,5.4657,155.0,-13.741,1.5175,3.778,0.0,0.0,3.778,0.0,0.0,0.0,30.0,False,completed,0.0,Autotrain single-cycle run.,E:\antenna_client\artifacts\exports\16286bba-b5c1-4c_iter0_design_16286bba-b5c1_farfield_metrics.json,E:\antenna_client\artifacts\exports\16286bba-b5c1-4c_iter0_design_16286bba-b5c1_s11.txt
2a1ded73-4fc9-4042-b294-3bfb4afffe01-design_2a1ded73-4fc9-4042-b294-3bfb4afffe01-iter0,2026-04-11T20:05:48.916756+00:00,microstrip_patch,rectangular,edge,linear,Rogers RT/duroid 5880,Copper (annealed),2.1118,89.27,2.179,1.932,-14.048,2.2,2.4,41.755733489990234,52.77471160888672,0.035,61.00106164831134,71.16509703791526,17.70840342635831,3.174060344696045,0.0,-12.67495059967041,2.3018,33.0,-11.298,1.7485,0.369,0.0,0.0,0.369,0.0,0.0,0.0,30.0,False,completed,0.0,Autotrain single-cycle run.,E:\antenna_client\artifacts\exports\2a1ded73-4fc9-40_iter0_design_2a1ded73-4fc9_farfield_metrics.json,E:\antenna_client\artifacts\exports\2a1ded73-4fc9-40_iter0_design_2a1ded73-4fc9_s11.txt
68d0c73f-7d53-4461-bcdc-19a6527f34c1-design_68d0c73f-7d53-4461-bcdc-19a6527f34c1-iter0,2026-04-11T20:06:51.381189+00:00,microstrip_patch,rectangular,edge,linear,Rogers RT/duroid 5880,Copper (annealed),5.3033,106.65,2.112,1.981,-12.885,2.2,2.4,17.522138595581055,21.532459259033203,0.035,31.929409560536453,37.489589072182255,6.661175633003853,1.3965994119644165,0.0,-5.037917613983154,5.1343,157.0,-15.097,1.4268,6.277,0.0,0.0,6.277,0.0,0.0,0.0,30.0,False,completed,0.0,Autotrain single-cycle run.,E:\antenna_client\artifacts\exports\68d0c73f-7d53-44_iter0_design_68d0c73f-7d53_farfield_metrics.json,E:\antenna_client\artifacts\exports\68d0c73f-7d53-44_iter0_design_68d0c73f-7d53_s11.txt
c59b96d6-94db-478c-9613-f319a9628bce-design_c59b96d6-94db-478c-9613-f319a9628bce-iter0,2026-04-11T20:07:53.641274+00:00,microstrip_patch,rectangular,edge,linear,Rogers RT/duroid 5880,Copper (annealed),6.2983,222.3,3.389,1.655,-10.767,2.2,2.4,14.753083229064941,18.849130630493164,0.035,28.86869776451664,36.56187887867986,5.4981051505163245,1.2746996879577637,0.0,-4.549836158752441,5.9373,158.0,-12.573,1.6149,4.607,0.0,0.0,4.607,0.0,0.0,0.0,30.0,False,completed,0.0,Autotrain single-cycle run.,E:\antenna_client\artifacts\exports\c59b96d6-94db-47_iter0_design_c59b96d6-94db_farfield_metrics.json,E:\antenna_client\artifacts\exports\c59b96d6-94db-47_iter0_design_c59b96d6-94db_s11.txt
b1850622-0978-4718-affb-934cfa62fad2-design_b1850622-0978-4718-affb-934cfa62fad2-iter0,2026-04-11T20:11:57.560208+00:00,microstrip_patch,rectangular,edge,linear,Rogers RT/duroid 5880,Copper (annealed),4.4239,146.98,0.602,1.606,-16.831,2.2,2.4,20.791440963745117,25.138582229614258,0.035,35.77242168929856,43.42983093473822,8.121520241933453,1.616525650024414,0.0,-5.835544586181641,4.4139,146.0,-22.453,1.1631,7.661,0.0,0.0,7.661,0.0,0.0,0.0,30.0,False,completed,0.0,Autotrain single-cycle run.,E:\antenna_client\artifacts\exports\b1850622-0978-47_iter0_design_b1850622-0978_farfield_metrics.json,E:\antenna_client\artifacts\exports\b1850622-0978-47_iter0_design_b1850622-0978_s11.txt
b3af6914-8253-4d72-8111-93a30f07c2ee-design_b3af6914-8253-4d72-8111-93a30f07c2ee-iter0,2026-04-11T20:16:31.619257+00:00,microstrip_patch,rectangular,edge,linear,Rogers RT/duroid 5880,Copper (annealed),6.2908,168.21,4.66,2.101,-9.481,2.2,2.4,15.218414306640625,19.265256881713867,0.035,28.888166452458172,35.31464557159205,5.505503251934106,1.2794651985168457,0.0,-4.582991600036621,5.8008,87.0,-12.65,1.6079,2.72,0.0,0.0,2.72,0.0,0.0,0.0,30.0,False,completed,0.0,Autotrain single-cycle run.,E:\antenna_client\artifacts\exports\b3af6914-8253-4d_iter0_design_b3af6914-8253_farfield_metrics.json,E:\antenna_client\artifacts\exports\b3af6914-8253-4d_iter0_design_b3af6914-8253_s11.txt
48193005-bb17-4577-8a22-8cd3f3b5194f-design_48193005-bb17-4577-8a22-8cd3f3b5194f-iter0,2026-04-11T20:19:47.612887+00:00,microstrip_patch,rectangular,edge,linear,Rogers RT/duroid 5880,Copper (annealed),2.1755,125.49,6.369,2.139,-16.607,2.2,2.4,41.10199737548828,52.804874420166016,0.035,59.591834402307036,71.96918969709509,17.172897072876676,3.188690185546875,0.0,-12.837632179260254,2.3375,35.0,-11.361,1.7411,1.589,0.0,0.0,1.589,0.0,0.0,0.0,30.0,False,completed,0.0,Autotrain single-cycle run.,E:\antenna_client\artifacts\exports\48193005-bb17-45_iter0_design_48193005-bb17_farfield_metrics.json,E:\antenna_client\artifacts\exports\48193005-bb17-45_iter0_design_48193005-bb17_s11.txt
ab8127be-ee59-48f4-92ef-4adc8a59d3f5-design_ab8127be-ee59-48f4-92ef-4adc8a59d3f5-iter0,2026-04-11T20:21:35.549674+00:00,microstrip_patch,rectangular,edge,linear,Rogers RT/duroid 5880,Copper (annealed),6.2643,107.81,0.822,1.75,-15.801,2.2,2.4,15.074193954467773,18.84779167175293,0.035,28.95732713886808,33.97486832030978,5.531784312769872,1.2471325397491455,0.0,-4.450788497924805,5.8473,153.0,-12.639,1.6089,3.599,0.0,0.0,3.599,0.0,0.0,0.0,30.0,False,completed,0.0,Autotrain single-cycle run.,E:\antenna_client\artifacts\exports\ab8127be-ee59-48_iter0_design_ab8127be-ee59_farfield_metrics.json,E:\antenna_client\artifacts\exports\ab8127be-ee59-48_iter0_design_ab8127be-ee59_s11.txt
ed5b80a2-14bd-4cdb-a79e-85ff409fbeb5-design_ed5b80a2-14bd-4cdb-a79e-85ff409fbeb5-iter0,2026-04-12T04:19:02.792403+00:00,microstrip_patch,rectangular,edge,linear,Rogers RT/duroid 5880,Copper (annealed),4.889,74.5,1.786,1.765,-15.365,2.2,2.4,18.41982650756836,21.975534439086914,0.035,33.56874147672442,38.63877563459724,7.28412176115528,1.4277105331420898,0.0,-5.026482105255127,4.918,159.0,-17.437,1.3103,7.505,0.0,0.0,7.505,0.0,0.0,0.0,30.0,False,completed,0.0,Autotrain single-cycle run.,E:\antenna_client\artifacts\exports\ed5b80a2-14bd-4c_iter0_design_ed5b80a2-14bd_farfield_metrics.json,E:\antenna_client\artifacts\exports\ed5b80a2-14bd-4c_iter0_design_ed5b80a2-14bd_s11.txt
5a4daaec-963e-4a12-b86f-cda5cc73a358-design_5a4daaec-963e-4a12-b86f-cda5cc73a358-iter0,2026-04-12T04:19:56.578447+00:00,microstrip_patch,rectangular,edge,linear,Rogers RT/duroid 5880,Copper (annealed),5.0865,230.59,3.375,1.652,-8.298,2.2,2.4,18.50830078125,22.867660522460938,0.035,32.754156203704895,41.89119854743029,6.974579357407861,1.513871192932129,0.0,-5.473862648010254,4.8925,161.0,-17.887,1.2924,5.92,0.0,0.0,5.92,0.0,0.0,0.0,30.0,False,completed,0.0,Autotrain single-cycle run.,E:\antenna_client\artifacts\exports\5a4daaec-963e-4a_iter0_design_5a4daaec-963e_farfield_metrics.json,E:\antenna_client\artifacts\exports\5a4daaec-963e-4a_iter0_design_5a4daaec-963e_s11.txt
42f5ea10-4f09-4840-8a52-d798c596851c-design_42f5ea10-4f09-4840-8a52-d798c596851c-iter0,2026-04-12T04:20:48.397603+00:00,microstrip_patch,rectangular,edge,linear,Rogers RT/duroid 5880,Copper (annealed),2.6588,160.96,1.591,1.616,-14.499,2.2,2.4,37.41416931152344,47.89045715332031,0.035,51.09154035630347,63.48075655716622,13.94278533539532,2.923468828201294,0.0,-11.696451187133789,2.5668,30.0,-10.728,1.8201,5.095,0.0,0.0,5.095,0.0,0.0,0.0,30.0,False,completed,0.0,Autotrain single-cycle run.,E:\antenna_client\artifacts\exports\42f5ea10-4f09-48_iter0_design_42f5ea10-4f09_farfield_metrics.json,E:\antenna_client\artifacts\exports\42f5ea10-4f09-48_iter0_design_42f5ea10-4f09_s11.txt
3ea9ab07-7eb5-497c-991d-51b0881a0277-design_3ea9ab07-7eb5-497c-991d-51b0881a0277-iter0,2026-04-12T04:21:43.079344+00:00,microstrip_patch,rectangular,edge,linear,Rogers RT/duroid 5880,Copper (annealed),4.3882,109.68,6.475,1.954,-8.065,2.2,2.4,20.640487670898438,24.587963104248047,0.035,35.96075026318617,42.406893317493015,8.193085100010745,1.5814297199249268,0.0,-5.652382850646973,4.4432,146.0,-22.199,1.1683,7.363,0.0,0.0,7.363,0.0,0.0,0.0,30.0,False,completed,0.0,Autotrain single-cycle run.,E:\antenna_client\artifacts\exports\3ea9ab07-7eb5-49_iter0_design_3ea9ab07-7eb5_farfield_metrics.json,E:\antenna_client\artifacts\exports\3ea9ab07-7eb5-49_iter0_design_3ea9ab07-7eb5_s11.txt
41038825-d896-4f27-9e72-ff448ab7bf62-design_41038825-d896-4f27-9e72-ff448ab7bf62-iter0,2026-04-12T04:22:37.966179+00:00,microstrip_patch,rectangular,edge,linear,Rogers RT/duroid 5880,Copper (annealed),5.7708,195.67,1.244,1.804,-17.572,2.2,2.4,16.354005813598633,20.69146156311035,0.035,30.36065141399407,37.90410353451568,6.0650475373177475,1.3656281232833862,0.0,-4.93761682510376,5.4478,158.0,-13.88,1.5072,4.493,0.0,0.0,4.493,0.0,0.0,0.0,30.0,False,completed,0.0,Autotrain single-cycle run.,E:\antenna_client\artifacts\exports\41038825-d896-4f_iter0_design_41038825-d896_farfield_metrics.json,E:\antenna_client\artifacts\exports\41038825-d896-4f_iter0_design_41038825-d896_s11.txt
c3a47988-3cf8-4417-949c-a03aa0f7bc14-design_c3a47988-3cf8-4417-949c-a03aa0f7bc14-iter0,2026-04-12T04:23:35.112143+00:00,microstrip_patch,rectangular,edge,linear,Rogers RT/duroid 5880,Copper (annealed),3.284,86.69,6.78,1.658,-14.037,2.2,2.4,29.961488723754883,35.54030990600586,0.035,43.792837052942765,50.78683268674463,11.169278080118252,2.2107837200164795,0.0,-8.20315933227539,3.177,86.0,-15.532,1.4017,5.63,0.0,0.0,5.63,0.0,0.0,0.0,30.0,False,completed,0.0,Autotrain single-cycle run.,E:\antenna_client\artifacts\exports\c3a47988-3cf8-44_iter0_design_c3a47988-3cf8_farfield_metrics.json,E:\antenna_client\artifacts\exports\c3a47988-3cf8-44_iter0_design_c3a47988-3cf8_s11.txt
523764a0-364c-4478-8e38-976cdcce76fc-design_523764a0-364c-4478-8e38-976cdcce76fc-iter0,2026-04-12T04:24:33.673454+00:00,microstrip_patch,rectangular,edge,linear,Rogers RT/duroid 5880,Copper (annealed),5.7778,201.35,7.785,1.922,-11.785,2.2,2.4,16.280820846557617,20.625526428222656,0.035,30.3390799079111,38.021249373971685,6.056850365006219,1.3638988733291626,0.0,-4.930560111999512,5.4678,158.0,-13.816,1.5119,4.71,0.0,0.0,4.71,0.0,0.0,0.0,30.0,False,completed,0.0,Autotrain single-cycle run.,E:\antenna_client\artifacts\exports\523764a0-364c-44_iter0_design_523764a0-364c_farfield_metrics.json,E:\antenna_client\artifacts\exports\523764a0-364c-44_iter0_design_523764a0-364c_s11.txt
4afd6f78-6ffa-4787-91d1-1e6c601dae9f-design_4afd6f78-6ffa-4787-91d1-1e6c601dae9f-iter0,2026-04-12T04:26:27.139261+00:00,microstrip_patch,rectangular,edge,linear,Rogers RT/duroid 5880,Copper (annealed),4.4258,219.29,6.894,1.971,-13.774,2.2,2.4,21.403018951416016,26.04962921142578,0.035,35.762483224814616,45.83754638633074,8.117743625429556,1.7152342796325684,0.0,-6.243098735809326,4.3048,146.0,-28.728,1.076,6.681,0.0,0.0,6.681,0.0,0.0,0.0,30.0,False,completed,0.0,Autotrain single-cycle run.,E:\antenna_client\artifacts\exports\4afd6f78-6ffa-47_iter0_design_4afd6f78-6ffa_farfield_metrics.json,E:\antenna_client\artifacts\exports\4afd6f78-6ffa-47_iter0_design_4afd6f78-6ffa_s11.txt
dead39d3-7198-4739-9076-1546f04960d7-design_dead39d3-7198-4739-9076-1546f04960d7-iter0,2026-04-12T04:28:22.034474+00:00,microstrip_patch,rectangular,edge,linear,Rogers RT/duroid 5880,Copper (annealed),5.2342,78.25,2.315,1.737,-8.798,2.2,2.4,17.331321716308594,20.905357360839844,0.035,32.18490612056302,37.0402074963788,6.758264325813949,1.366096019744873,0.0,-4.834751129150391,5.1822,162.0,-15.626,1.3966,7.418,0.0,0.0,7.418,0.0,0.0,0.0,30.0,False,completed,0.0,Autotrain single-cycle run.,E:\antenna_client\artifacts\exports\dead39d3-7198-47_iter0_design_dead39d3-7198_farfield_metrics.json,E:\antenna_client\artifacts\exports\dead39d3-7198-47_iter0_design_dead39d3-7198_s11.txt
bfa74edb-4573-4fb1-9d6e-65e74c1dd961-design_bfa74edb-4573-4fb1-9d6e-65e74c1dd961-iter0,2026-04-12T04:31:17.549236+00:00,microstrip_patch,rectangular,edge,linear,Rogers RT/duroid 5880,Copper (annealed),2.7338,88.18,5.085,1.767,-11.648,2.2,2.4,35.6083984375,43.453216552734375,0.035,50.04070394532541,58.190720271230084,13.543467499223658,2.6482253074645996,0.0,-10.201812744140625,2.6928,47.0,-11.67,1.706,6.662,0.0,0.0,6.662,0.0,0.0,0.0,30.0,False,completed,0.0,Autotrain single-cycle run.,E:\antenna_client\artifacts\exports\bfa74edb-4573-4f_iter0_design_bfa74edb-4573_farfield_metrics.json,E:\antenna_client\artifacts\exports\bfa74edb-4573-4f_iter0_design_bfa74edb-4573_s11.txt
aeb1572e-64a3-45d0-a76e-a7c252dac2e6-design_aeb1572e-64a3-45d0-a76e-a7c252dac2e6-iter0,2026-04-12T04:33:07.109534+00:00,microstrip_patch,rectangular,edge,linear,Rogers RT/duroid 5880,Copper (annealed),3.462,107.71,7.493,1.76,-14.48,2.2,2.4,28.200469970703125,33.662681579589844,0.035,42.194612902060285,49.81537686226369,10.56195290278291,2.1030285358428955,0.0,-7.802337646484375,3.358,97.0,-17.489,1.3082,5.98,0.0,0.0,5.98,0.0,0.0,0.0,30.0,False,completed,0.0,Autotrain single-cycle run.,E:\antenna_client\artifacts\exports\aeb1572e-64a3-45_iter0_design_aeb1572e-64a3_farfield_metrics.json,E:\antenna_client\artifacts\exports\aeb1572e-64a3-45_iter0_design_aeb1572e-64a3_s11.txt
8fd6e3ec-489a-437c-a0b5-ef0bddd0922e-design_8fd6e3ec-489a-437c-a0b5-ef0bddd0922e-iter0,2026-04-12T04:36:06.560844+00:00,microstrip_patch,rectangular,edge,linear,Rogers RT/duroid 5880,Copper (annealed),4.7284,100.8,1.307,2.037,-11.795,2.2,2.4,19.149097442626953,23.107568740844727,0.035,34.28097597669459,40.11365827839482,7.554770871143947,1.4897938966751099,0.0,-5.336298942565918,4.7504,152.0,-17.989,1.2885,7.554,0.0,0.0,7.554,0.0,0.0,0.0,30.0,False,completed,0.0,Autotrain single-cycle run.,E:\antenna_client\artifacts\exports\8fd6e3ec-489a-43_iter0_design_8fd6e3ec-489a_farfield_metrics.json,E:\antenna_client\artifacts\exports\8fd6e3ec-489a-43_iter0_design_8fd6e3ec-489a_s11.txt
0d6eeb57-f2bf-47dc-b1ad-c0349c47d738-design_0d6eeb57-f2bf-47dc-b1ad-c0349c47d738-iter0,2026-04-12T04:38:04.481461+00:00,microstrip_patch,rectangular,edge,linear,Rogers RT/duroid 5880,Copper (annealed),6.7445,185.2,5.477,1.934,-16.429,2.2,2.4,13.899017333984375,17.733257293701172,0.035,27.787962856186432,34.28087593872684,5.087425885350845,1.2010033130645752,0.0,-4.25532341003418,6.2475,78.0,-11.84,1.6877,3.359,0.0,0.0,3.359,0.0,0.0,0.0,30.0,False,completed,0.0,Autotrain single-cycle run.,E:\antenna_client\artifacts\exports\0d6eeb57-f2bf-47_iter0_design_0d6eeb57-f2bf_farfield_metrics.json,E:\antenna_client\artifacts\exports\0d6eeb57-f2bf-47_iter0_design_0d6eeb57-f2bf_s11.txt
c6758cdf-c89f-4b92-9144-8e99b31dab0a-design_c6758cdf-c89f-4b92-9144-8e99b31dab0a-iter0,2026-04-12T04:39:57.735771+00:00,microstrip_patch,rectangular,edge,linear,Rogers RT/duroid 5880,Copper (annealed),5.6128,111.23,2.524,1.619,-10.677,2.2,2.4,16.829273223876953,20.81252098083496,0.035,30.86177874023206,36.33725939693167,6.255475921288184,1.356845498085022,0.0,-4.888988018035889,5.3208,158.0,-14.437,1.4683,4.642,0.0,0.0,4.642,0.0,0.0,0.0,30.0,False,completed,0.0,Autotrain single-cycle run.,E:\antenna_client\artifacts\exports\c6758cdf-c89f-4b_iter0_design_c6758cdf-c89f_farfield_metrics.json,E:\antenna_client\artifacts\exports\c6758cdf-c89f-4b_iter0_design_c6758cdf-c89f_s11.txt
98127624-9c29-42ac-bf52-95d238d6a078-design_98127624-9c29-42ac-bf52-95d238d6a078-iter0,2026-04-12T04:41:48.744688+00:00,microstrip_patch,rectangular,edge,linear,Rogers RT/duroid 5880,Copper (annealed),2.6182,239.72,2.517,2.126,-14.554,2.2,2.4,37.01701354980469,48.597084045410156,0.035,51.68538639308714,67.80844145271718,14.168446829373115,3.0247366428375244,0.0,-12.266018867492676,2.5862,39.0,-11.236,1.7559,6.93,0.0,0.0,6.93,0.0,0.0,0.0,30.0,False,completed,0.0,Autotrain single-cycle run.,E:\antenna_client\artifacts\exports\98127624-9c29-42_iter0_design_98127624-9c29_farfield_metrics.json,E:\antenna_client\artifacts\exports\98127624-9c29-42_iter0_design_98127624-9c29_s11.txt
09abbf6c-7e65-4e13-934b-736eb2c187fa-design_09abbf6c-7e65-4e13-934b-736eb2c187fa-iter0,2026-04-12T04:43:42.616040+00:00,microstrip_patch,rectangular,edge,linear,Rogers RT/duroid 5880,Copper (annealed),3.5968,234.62,2.119,1.875,-10.466,2.2,2.4,28.427162170410156,36.125755310058594,0.035,41.08895471893386,53.277330241187755,10.141802793194868,2.314969062805176,0.0,-8.963228225708008,3.3268,93.0,-16.132,1.37,1.738,0.0,0.0,1.738,0.0,0.0,0.0,30.0,False,completed,0.0,Autotrain single-cycle run.,E:\antenna_client\artifacts\exports\09abbf6c-7e65-4e_iter0_design_09abbf6c-7e65_farfield_metrics.json,E:\antenna_client\artifacts\exports\09abbf6c-7e65-4e_iter0_design_09abbf6c-7e65_s11.txt
64fa06ea-316c-4448-b9b4-2259b12dc11f-design_64fa06ea-316c-4448-b9b4-2259b12dc11f-iter0,2026-04-12T04:45:37.502266+00:00,microstrip_patch,rectangular,edge,linear,Rogers RT/duroid 5880,Copper (annealed),4.4753,117.29,7.183,1.951,-11.994,2.2,2.4,20.310932159423828,24.393592834472656,0.035,35.506515514321165,42.113697987114946,8.020475895442043,1.568388819694519,0.0,-5.642240047454834,4.5053,148.0,-21.009,1.1955,7.544,0.0,0.0,7.544,0.0,0.0,0.0,30.0,False,completed,0.0,Autotrain single-cycle run.,E:\antenna_client\artifacts\exports\64fa06ea-316c-44_iter0_design_64fa06ea-316c_farfield_metrics.json,E:\antenna_client\artifacts\exports\64fa06ea-316c-44_iter0_design_64fa06ea-316c_s11.txt
307fb054-8a59-441c-b4ae-a10a5f4edb22-design_307fb054-8a59-441c-b4ae-a10a5f4edb22-iter0,2026-04-12T04:47:28.745788+00:00,microstrip_patch,rectangular,edge,linear,Rogers RT/duroid 5880,Copper (annealed),2.6624,249.56,0.727,1.906,-8.471,2.2,2.4,36.36934280395508,47.769073486328125,0.035,51.03975409094959,66.92177787391233,13.923106554560846,2.9867279529571533,0.0,-12.085502624511719,2.6294,43.0,-11.554,1.7189,6.97,0.0,0.0,6.97,0.0,0.0,0.0,30.0,False,completed,0.0,Autotrain single-cycle run.,E:\antenna_client\artifacts\exports\307fb054-8a59-44_iter0_design_307fb054-8a59_farfield_metrics.json,E:\antenna_client\artifacts\exports\307fb054-8a59-44_iter0_design_307fb054-8a59_s11.txt
4f314b1a-67de-45b3-969b-ab1a717bac44-design_4f314b1a-67de-45b3-969b-ab1a717bac44-iter0,2026-04-12T04:50:23.404892+00:00,microstrip_patch,rectangular,edge,linear,Rogers RT/duroid 5880,Copper (annealed),2.0811,182.94,3.377,2.075,-8.635,2.2,2.4,41.04480743408203,54.43246078491211,0.035,61.71091983320175,78.66975913554086,17.978149536616666,3.2901811599731445,0.0,-13.387897491455078,2.3311,42.0,-12.181,1.6525,-1.515,0.0,0.0,-1.515,0.0,0.0,0.0,30.0,False,completed,0.0,Autotrain single-cycle run.,E:\antenna_client\artifacts\exports\4f314b1a-67de-45_iter0_design_4f314b1a-67de_farfield_metrics.json,E:\antenna_client\artifacts\exports\4f314b1a-67de-45_iter0_design_4f314b1a-67de_s11.txt
4d45c63c-05ec-40fb-8967-951efd93832a-design_4d45c63c-05ec-40fb-8967-951efd93832a-iter0,2026-04-12T04:52:18.297863+00:00,microstrip_patch,rectangular,edge,linear,Rogers RT/duroid 5880,Copper (annealed),3.5226,249.3,7.769,1.917,-16.608,2.2,2.4,28.829925537109375,36.77837371826172,0.035,41.6871495709289,54.096241813292494,10.369116836952983,2.367567777633667,0.0,-9.19473934173584,3.2826,91.0,-15.818,1.3862,2.357,0.0,0.0,2.357,0.0,0.0,0.0,30.0,False,completed,0.0,Autotrain single-cycle run.,E:\antenna_client\artifacts\exports\4d45c63c-05ec-40_iter0_design_4d45c63c-05ec_farfield_metrics.json,E:\antenna_client\artifacts\exports\4d45c63c-05ec-40_iter0_design_4d45c63c-05ec_s11.txt
3577e304-92bc-49d0-9c2d-f35703788736-design_3577e304-92bc-49d0-9c2d-f35703788736-iter0,2026-04-12T04:58:08.890518+00:00,microstrip_patch,rectangular,edge,linear,Rogers RT/duroid 5880,Copper (annealed),4.8971,90.08,3.63,1.861,-17.538,2.2,2.4,17.917579650878906,23.18688201904297,0.035,33.53404918573352,38.90358714155785,7.27093869057874,1.432593584060669,0.0,-5.2426252365112305,5.0041,141.0,-14.033,1.4962,6.908,0.0,0.0,6.908,0.0,0.0,0.0,30.0,False,completed,0.0,Autotrain single-cycle run.,E:\antenna_client\artifacts\exports\3577e304-92bc-49_iter0_design_3577e304-92bc_farfield_metrics.json,E:\antenna_client\artifacts\exports\3577e304-92bc-49_iter0_design_3577e304-92bc_s11.txt
e34138aa-1082-4f65-bea9-0a8598825973-design_e34138aa-1082-4f65-bea9-0a8598825973-iter0,2026-04-12T05:01:04.641829+00:00,microstrip_patch,rectangular,edge,linear,Rogers RT/duroid 5880,Copper (annealed),6.142,117.41,1.429,1.9,-17.126,2.2,2.4,15.124099731445312,20.23151397705078,0.035,29.284199910863155,34.59617194852608,5.655995966128,1.2019370794296265,0.0,-4.503321170806885,5.8,85.0,-10.654,1.83,4.443,0.0,0.0,4.443,0.0,0.0,0.0,30.0,False,completed,0.0,Autotrain single-cycle run.,E:\antenna_client\artifacts\exports\e34138aa-1082-4f_iter0_design_e34138aa-1082_farfield_metrics.json,E:\antenna_client\artifacts\exports\e34138aa-1082-4f_iter0_design_e34138aa-1082_s11.txt
42545758-0357-41cc-a9e3-f14c5201f4b3-design_42545758-0357-41cc-a9e3-f14c5201f4b3-iter0,2026-04-12T05:03:10.862942+00:00,microstrip_patch,rectangular,edge,linear,Rogers RT/duroid 5880,Copper (annealed),6.1137,123.72,4.872,1.983,-9.528,2.2,2.4,15.284486770629883,20.453128814697266,0.035,29.361690460644162,34.84254436280546,5.685442375044782,1.2196509838104248,0.0,-4.577127933502197,5.7497,89.0,-10.762,1.8155,4.114,0.0,0.0,4.114,0.0,0.0,0.0,30.0,False,completed,0.0,Autotrain single-cycle run.,E:\antenna_client\artifacts\exports\42545758-0357-41_iter0_design_42545758-0357_farfield_metrics.json,E:\antenna_client\artifacts\exports\42545758-0357-41_iter0_design_42545758-0357_s11.txt
3e0f4785-4916-446b-a365-7d3adb595e2b-design_3e0f4785-4916-446b-a365-7d3adb595e2b-iter0,2026-04-12T05:04:12.751502+00:00,microstrip_patch,rectangular,edge,linear,Rogers RT/duroid 5880,Copper (annealed),5.5413,167.09,4.243,2.067,-8.006,2.2,2.4,16.682140350341797,22.176288604736328,0.035,31.097890215943142,38.11355956870459,6.345198282058394,1.3861339092254639,0.0,-5.169224262237549,5.3313,134.0,-12.472,1.6243,5.941,0.0,0.0,5.941,0.0,0.0,0.0,30.0,False,completed,0.0,Autotrain single-cycle run.,E:\antenna_client\artifacts\exports\3e0f4785-4916-44_iter0_design_3e0f4785-4916_farfield_metrics.json,E:\antenna_client\artifacts\exports\3e0f4785-4916-44_iter0_design_3e0f4785-4916_s11.txt
0abe7f8b-21bb-4f1d-b622-051fb84108be-design_0abe7f8b-21bb-4f1d-b622-051fb84108be-iter0,2026-04-12T05:07:09.762021+00:00,microstrip_patch,rectangular,edge,linear,Rogers RT/duroid 5880,Copper (annealed),3.218,73.51,7.03,2.157,-16.317,2.2,2.4,29.206710815429688,36.31397247314453,0.035,44.43011046801966,51.22516285815596,11.411441977847472,2.171525239944458,0.0,-8.37641429901123,3.236,97.0,-21.233,1.19,7.357,0.0,0.0,7.357,0.0,0.0,0.0,30.0,True,completed,0.0,Autotrain single-cycle run.,E:\antenna_client\artifacts\exports\0abe7f8b-21bb-4f_iter0_design_0abe7f8b-21bb_farfield_metrics.json,E:\antenna_client\artifacts\exports\0abe7f8b-21bb-4f_iter0_design_0abe7f8b-21bb_s11.txt
